warmup done

>>> Zou  (3000 instances)
Warning: reached iteration limit without completing all items. Check for potential issues.
Warning: reached iteration limit without completing all items. Check for potential issues.
Warning: reached iteration limit without completing all items. Check for potential issues.
Warning: reached iteration limit without completing all items. Check for potential issues.
Warning: reached iteration limit without completing all items. Check for potential issues.
Warning: reached iteration limit without completing all items. Check for potential issues.
ERR Zou/6x6_1_2_9 orig: ArgumentError("IO in wrong format: should be a Tuple{x=int,y=int} or an Array{Tuple}")
Warning: reached iteration limit without completing all items. Check for potential issues.
Warning: reached iteration limit without completing all items. Check for potential issues.
Warning: reached iteration limit without completing all items. Check for potential issues.
Warning: reached iteration limit without completing all items. Check for potential issues.
Warning: reached iteration limit without completing all items. Check for potential issues.
Warning: reached iteration limit without completing all items. Check for potential issues.
Warning: reached iteration limit without completing all items. Check for potential issues.
Warning: reached iteration limit without completing all items. Check for potential issues.
Warning: reached iteration limit without completing all items. Check for potential issues.
Warning: reached iteration limit without completing all items. Check for potential issues.
Warning: reached iteration limit without completing all items. Check for potential issues.
Warning: reached iteration limit without completing all items. Check for potential issues.
Warning: reached iteration limit without completing all items. Check for potential issues.
Warning: reached iteration limit without completing all items. Check for potential issues.
Warning: reached iteration limit without completing all items. Check for potential issues.
Warning: reached iteration limit without completing all items. Check for potential issues.
Warning: reached iteration limit without completing all items. Check for potential issues.
Warning: reached iteration limit without completing all items. Check for potential issues.
Warning: reached iteration limit without completing all items. Check for potential issues.
Warning: reached iteration limit without completing all items. Check for potential issues.
Warning: reached iteration limit without completing all items. Check for potential issues.
Warning: reached iteration limit without completing all items. Check for potential issues.
Warning: reached iteration limit without completing all items. Check for potential issues.
Warning: reached iteration limit without completing all items. Check for potential issues.
Warning: reached iteration limit without completing all items. Check for potential issues.
Warning: reached iteration limit without completing all items. Check for potential issues.
Warning: reached iteration limit without completing all items. Check for potential issues.
Warning: reached iteration limit without completing all items. Check for potential issues.
Warning: reached iteration limit without completing all items. Check for potential issues.
Warning: reached iteration limit without completing all items. Check for potential issues.
Warning: reached iteration limit without completing all items. Check for potential issues.
Warning: reached iteration limit without completing all items. Check for potential issues.
Warning: reached iteration limit without completing all items. Check for potential issues.
Warning: reached iteration limit without completing all items. Check for potential issues.
Warning: reached iteration limit without completing all items. Check for potential issues.
Warning: reached iteration limit without completing all items. Check for potential issues.
Warning: reached iteration limit without completing all items. Check for potential issues.
Warning: reached iteration limit without completing all items. Check for potential issues.
Warning: reached iteration limit without completing all items. Check for potential issues.
Warning: reached iteration limit without completing all items. Check for potential issues.
Warning: reached iteration limit without completing all items. Check for potential issues.
Warning: reached iteration limit without completing all items. Check for potential issues.
Warning: reached iteration limit without completing all items. Check for potential issues.
Warning: reached iteration limit without completing all items. Check for potential issues.
Warning: reached iteration limit without completing all items. Check for potential issues.
Warning: reached iteration limit without completing all items. Check for potential issues.
Warning: reached iteration limit without completing all items. Check for potential issues.
Warning: reached iteration limit without completing all items. Check for potential issues.
Warning: reached iteration limit without completing all items. Check for potential issues.
Warning: reached iteration limit without completing all items. Check for potential issues.
Warning: reached iteration limit without completing all items. Check for potential issues.
Warning: reached iteration limit without completing all items. Check for potential issues.
Warning: reached iteration limit without completing all items. Check for potential issues.
Warning: reached iteration limit without completing all items. Check for potential issues.
Warning: reached iteration limit without completing all items. Check for potential issues.
Warning: reached iteration limit without completing all items. Check for potential issues.
Warning: reached iteration limit without completing all items. Check for potential issues.
Warning: reached iteration limit without completing all items. Check for potential issues.
Warning: reached iteration limit without completing all items. Check for potential issues.
Warning: reached iteration limit without completing all items. Check for potential issues.
Warning: reached iteration limit without completing all items. Check for potential issues.
Warning: reached iteration limit without completing all items. Check for potential issues.
Warning: reached iteration limit without completing all items. Check for potential issues.
Warning: reached iteration limit without completing all items. Check for potential issues.
Warning: reached iteration limit without completing all items. Check for potential issues.
Warning: reached iteration limit without completing all items. Check for potential issues.
Warning: reached iteration limit without completing all items. Check for potential issues.
Warning: reached iteration limit without completing all items. Check for potential issues.
Warning: reached iteration limit without completing all items. Check for potential issues.
Warning: reached iteration limit without completing all items. Check for potential issues.
Warning: reached iteration limit without completing all items. Check for potential issues.
Warning: reached iteration limit without completing all items. Check for potential issues.
Warning: reached iteration limit without completing all items. Check for potential issues.
Warning: reached iteration limit without completing all items. Check for potential issues.
Warning: reached iteration limit without completing all items. Check for potential issues.
Warning: reached iteration limit without completing all items. Check for potential issues.
Warning: reached iteration limit without completing all items. Check for potential issues.
Warning: reached iteration limit without completing all items. Check for potential issues.
Warning: reached iteration limit without completing all items. Check for potential issues.
Warning: reached iteration limit without completing all items. Check for potential issues.
Warning: reached iteration limit without completing all items. Check for potential issues.
Warning: reached iteration limit without completing all items. Check for potential issues.
Warning: reached iteration limit without completing all items. Check for potential issues.
Warning: reached iteration limit without completing all items. Check for potential issues.
Warning: reached iteration limit without completing all items. Check for potential issues.
Warning: reached iteration limit without completing all items. Check for potential issues.
Warning: reached iteration limit without completing all items. Check for potential issues.
Warning: reached iteration limit without completing all items. Check for potential issues.
Warning: reached iteration limit without completing all items. Check for potential issues.
Warning: reached iteration limit without completing all items. Check for potential issues.
Warning: reached iteration limit without completing all items. Check for potential issues.
Warning: reached iteration limit without completing all items. Check for potential issues.
Warning: reached iteration limit without completing all items. Check for potential issues.
Warning: reached iteration limit without completing all items. Check for potential issues.
Warning: reached iteration limit without completing all items. Check for potential issues.
Warning: reached iteration limit without completing all items. Check for potential issues.
Warning: reached iteration limit without completing all items. Check for potential issues.
Warning: reached iteration limit without completing all items. Check for potential issues.
Warning: reached iteration limit without completing all items. Check for potential issues.
Warning: reached iteration limit without completing all items. Check for potential issues.
Warning: reached iteration limit without completing all items. Check for potential issues.
Warning: reached iteration limit without completing all items. Check for potential issues.
Warning: reached iteration limit without completing all items. Check for potential issues.
Warning: reached iteration limit without completing all items. Check for potential issues.
Warning: reached iteration limit without completing all items. Check for potential issues.
Warning: reached iteration limit without completing all items. Check for potential issues.
Warning: reached iteration limit without completing all items. Check for potential issues.
Warning: reached iteration limit without completing all items. Check for potential issues.
Warning: reached iteration limit without completing all items. Check for potential issues.
Warning: reached iteration limit without completing all items. Check for potential issues.
Warning: reached iteration limit without completing all items. Check for potential issues.
Warning: reached iteration limit without completing all items. Check for potential issues.
Warning: reached iteration limit without completing all items. Check for potential issues.
Warning: reached iteration limit without completing all items. Check for potential issues.
Warning: reached iteration limit without completing all items. Check for potential issues.
Warning: reached iteration limit without completing all items. Check for potential issues.
Warning: reached iteration limit without completing all items. Check for potential issues.
Warning: reached iteration limit without completing all items. Check for potential issues.
Warning: reached iteration limit without completing all items. Check for potential issues.
Warning: reached iteration limit without completing all items. Check for potential issues.
Warning: reached iteration limit without completing all items. Check for potential issues.
Warning: reached iteration limit without completing all items. Check for potential issues.
Warning: reached iteration limit without completing all items. Check for potential issues.
Warning: reached iteration limit without completing all items. Check for potential issues.
Warning: reached iteration limit without completing all items. Check for potential issues.
Warning: reached iteration limit without completing all items. Check for potential issues.
Warning: reached iteration limit without completing all items. Check for potential issues.
Warning: reached iteration limit without completing all items. Check for potential issues.
Warning: reached iteration limit without completing all items. Check for potential issues.
Warning: reached iteration limit without completing all items. Check for potential issues.
Warning: reached iteration limit without completing all items. Check for potential issues.
Warning: reached iteration limit without completing all items. Check for potential issues.
Warning: reached iteration limit without completing all items. Check for potential issues.
Warning: reached iteration limit without completing all items. Check for potential issues.
Warning: reached iteration limit without completing all items. Check for potential issues.
Warning: reached iteration limit without completing all items. Check for potential issues.
Warning: reached iteration limit without completing all items. Check for potential issues.
Warning: reached iteration limit without completing all items. Check for potential issues.
Warning: reached iteration limit without completing all items. Check for potential issues.
Warning: reached iteration limit without completing all items. Check for potential issues.
Warning: reached iteration limit without completing all items. Check for potential issues.
Warning: reached iteration limit without completing all items. Check for potential issues.
Warning: reached iteration limit without completing all items. Check for potential issues.
Warning: reached iteration limit without completing all items. Check for potential issues.
Warning: reached iteration limit without completing all items. Check for potential issues.
Warning: reached iteration limit without completing all items. Check for potential issues.
Warning: reached iteration limit without completing all items. Check for potential issues.
  [200/3000]
Warning: reached iteration limit without completing all items. Check for potential issues.
Warning: reached iteration limit without completing all items. Check for potential issues.
Warning: reached iteration limit without completing all items. Check for potential issues.
Warning: reached iteration limit without completing all items. Check for potential issues.
Warning: reached iteration limit without completing all items. Check for potential issues.
Warning: reached iteration limit without completing all items. Check for potential issues.
Warning: reached iteration limit without completing all items. Check for potential issues.
Warning: reached iteration limit without completing all items. Check for potential issues.
Warning: reached iteration limit without completing all items. Check for potential issues.
Warning: reached iteration limit without completing all items. Check for potential issues.
Warning: reached iteration limit without completing all items. Check for potential issues.
Warning: reached iteration limit without completing all items. Check for potential issues.
Warning: reached iteration limit without completing all items. Check for potential issues.
Warning: reached iteration limit without completing all items. Check for potential issues.
Warning: reached iteration limit without completing all items. Check for potential issues.
Warning: reached iteration limit without completing all items. Check for potential issues.
Warning: reached iteration limit without completing all items. Check for potential issues.
Warning: reached iteration limit without completing all items. Check for potential issues.
Warning: reached iteration limit without completing all items. Check for potential issues.
Warning: reached iteration limit without completing all items. Check for potential issues.
Warning: reached iteration limit without completing all items. Check for potential issues.
Warning: reached iteration limit without completing all items. Check for potential issues.
Warning: reached iteration limit without completing all items. Check for potential issues.
Warning: reached iteration limit without completing all items. Check for potential issues.
Warning: reached iteration limit without completing all items. Check for potential issues.
Warning: reached iteration limit without completing all items. Check for potential issues.
Warning: reached iteration limit without completing all items. Check for potential issues.
Warning: reached iteration limit without completing all items. Check for potential issues.
Warning: reached iteration limit without completing all items. Check for potential issues.
Warning: reached iteration limit without completing all items. Check for potential issues.
Warning: reached iteration limit without completing all items. Check for potential issues.
Warning: reached iteration limit without completing all items. Check for potential issues.
Warning: reached iteration limit without completing all items. Check for potential issues.
Warning: reached iteration limit without completing all items. Check for potential issues.
Warning: reached iteration limit without completing all items. Check for potential issues.
Warning: reached iteration limit without completing all items. Check for potential issues.
Warning: reached iteration limit without completing all items. Check for potential issues.
Warning: reached iteration limit without completing all items. Check for potential issues.
Warning: reached iteration limit without completing all items. Check for potential issues.
Warning: reached iteration limit without completing all items. Check for potential issues.
Warning: reached iteration limit without completing all items. Check for potential issues.
Warning: reached iteration limit without completing all items. Check for potential issues.
Warning: reached iteration limit without completing all items. Check for potential issues.
Warning: reached iteration limit without completing all items. Check for potential issues.
Warning: reached iteration limit without completing all items. Check for potential issues.
Warning: reached iteration limit without completing all items. Check for potential issues.
Warning: reached iteration limit without completing all items. Check for potential issues.
Warning: reached iteration limit without completing all items. Check for potential issues.
Warning: reached iteration limit without completing all items. Check for potential issues.
Warning: reached iteration limit without completing all items. Check for potential issues.
Warning: reached iteration limit without completing all items. Check for potential issues.
Warning: reached iteration limit without completing all items. Check for potential issues.
ERR Zou/6x6_1_2_265 orig: BoundsError([0.05 0.04 0.03 0.02 0.01 0.0; 1.06 1.05 1.04 1.03 1.02 0.01; Inf Inf 1.05 1.04 1.03 0.02; Inf 1.07 1.06 1.05 1.04 0.03; Inf Inf 2.07 2.0599999999999996 1.05 Inf; Inf Inf Inf 2.07 1.06 2.07], (6, 7))
Warning: reached iteration limit without completing all items. Check for potential issues.
Warning: reached iteration limit without completing all items. Check for potential issues.
Warning: reached iteration limit without completing all items. Check for potential issues.
Warning: reached iteration limit without completing all items. Check for potential issues.
Warning: reached iteration limit without completing all items. Check for potential issues.
Warning: reached iteration limit without completing all items. Check for potential issues.
Warning: reached iteration limit without completing all items. Check for potential issues.
Warning: reached iteration limit without completing all items. Check for potential issues.
Warning: reached iteration limit without completing all items. Check for potential issues.
Warning: reached iteration limit without completing all items. Check for potential issues.
Warning: reached iteration limit without completing all items. Check for potential issues.
Warning: reached iteration limit without completing all items. Check for potential issues.
Warning: reached iteration limit without completing all items. Check for potential issues.
Warning: reached iteration limit without completing all items. Check for potential issues.
Warning: reached iteration limit without completing all items. Check for potential issues.
Warning: reached iteration limit without completing all items. Check for potential issues.
Warning: reached iteration limit without completing all items. Check for potential issues.
Warning: reached iteration limit without completing all items. Check for potential issues.
Warning: reached iteration limit without completing all items. Check for potential issues.
Warning: reached iteration limit without completing all items. Check for potential issues.
Warning: reached iteration limit without completing all items. Check for potential issues.
Warning: reached iteration limit without completing all items. Check for potential issues.
Warning: reached iteration limit without completing all items. Check for potential issues.
Warning: reached iteration limit without completing all items. Check for potential issues.
Warning: reached iteration limit without completing all items. Check for potential issues.
Warning: reached iteration limit without completing all items. Check for potential issues.
Warning: reached iteration limit without completing all items. Check for potential issues.
Warning: reached iteration limit without completing all items. Check for potential issues.
Warning: reached iteration limit without completing all items. Check for potential issues.
Warning: reached iteration limit without completing all items. Check for potential issues.
Warning: reached iteration limit without completing all items. Check for potential issues.
Warning: reached iteration limit without completing all items. Check for potential issues.
Warning: reached iteration limit without completing all items. Check for potential issues.
Warning: reached iteration limit without completing all items. Check for potential issues.
Warning: reached iteration limit without completing all items. Check for potential issues.
Warning: reached iteration limit without completing all items. Check for potential issues.
Warning: reached iteration limit without completing all items. Check for potential issues.
Warning: reached iteration limit without completing all items. Check for potential issues.
Warning: reached iteration limit without completing all items. Check for potential issues.
Warning: reached iteration limit without completing all items. Check for potential issues.
Warning: reached iteration limit without completing all items. Check for potential issues.
Warning: reached iteration limit without completing all items. Check for potential issues.
Warning: reached iteration limit without completing all items. Check for potential issues.
Warning: reached iteration limit without completing all items. Check for potential issues.
Warning: reached iteration limit without completing all items. Check for potential issues.
Warning: reached iteration limit without completing all items. Check for potential issues.
Warning: reached iteration limit without completing all items. Check for potential issues.
Warning: reached iteration limit without completing all items. Check for potential issues.
Warning: reached iteration limit without completing all items. Check for potential issues.
Warning: reached iteration limit without completing all items. Check for potential issues.
Warning: reached iteration limit without completing all items. Check for potential issues.
Warning: reached iteration limit without completing all items. Check for potential issues.
Warning: reached iteration limit without completing all items. Check for potential issues.
Warning: reached iteration limit without completing all items. Check for potential issues.
Warning: reached iteration limit without completing all items. Check for potential issues.
Warning: reached iteration limit without completing all items. Check for potential issues.
Warning: reached iteration limit without completing all items. Check for potential issues.
Warning: reached iteration limit without completing all items. Check for potential issues.
Warning: reached iteration limit without completing all items. Check for potential issues.
Warning: reached iteration limit without completing all items. Check for potential issues.
Warning: reached iteration limit without completing all items. Check for potential issues.
Warning: reached iteration limit without completing all items. Check for potential issues.
Warning: reached iteration limit without completing all items. Check for potential issues.
Warning: reached iteration limit without completing all items. Check for potential issues.
Warning: reached iteration limit without completing all items. Check for potential issues.
Warning: reached iteration limit without completing all items. Check for potential issues.
Warning: reached iteration limit without completing all items. Check for potential issues.
Warning: reached iteration limit without completing all items. Check for potential issues.
Warning: reached iteration limit without completing all items. Check for potential issues.
Warning: reached iteration limit without completing all items. Check for potential issues.
Warning: reached iteration limit without completing all items. Check for potential issues.
Warning: reached iteration limit without completing all items. Check for potential issues.
Warning: reached iteration limit without completing all items. Check for potential issues.
Warning: reached iteration limit without completing all items. Check for potential issues.
Warning: reached iteration limit without completing all items. Check for potential issues.
Warning: reached iteration limit without completing all items. Check for potential issues.
Warning: reached iteration limit without completing all items. Check for potential issues.
Warning: reached iteration limit without completing all items. Check for potential issues.
Warning: reached iteration limit without completing all items. Check for potential issues.
Warning: reached iteration limit without completing all items. Check for potential issues.
Warning: reached iteration limit without completing all items. Check for potential issues.
Warning: reached iteration limit without completing all items. Check for potential issues.
Warning: reached iteration limit without completing all items. Check for potential issues.
Warning: reached iteration limit without completing all items. Check for potential issues.
Warning: reached iteration limit without completing all items. Check for potential issues.
Warning: reached iteration limit without completing all items. Check for potential issues.
Warning: reached iteration limit without completing all items. Check for potential issues.
Warning: reached iteration limit without completing all items. Check for potential issues.
Warning: reached iteration limit without completing all items. Check for potential issues.
Warning: reached iteration limit without completing all items. Check for potential issues.
Warning: reached iteration limit without completing all items. Check for potential issues.
Warning: reached iteration limit without completing all items. Check for potential issues.
Warning: reached iteration limit without completing all items. Check for potential issues.
Warning: reached iteration limit without completing all items. Check for potential issues.
Warning: reached iteration limit without completing all items. Check for potential issues.
Warning: reached iteration limit without completing all items. Check for potential issues.
Warning: reached iteration limit without completing all items. Check for potential issues.
  [400/3000]
Warning: reached iteration limit without completing all items. Check for potential issues.
Warning: reached iteration limit without completing all items. Check for potential issues.
Warning: reached iteration limit without completing all items. Check for potential issues.
Warning: reached iteration limit without completing all items. Check for potential issues.
Warning: reached iteration limit without completing all items. Check for potential issues.
Warning: reached iteration limit without completing all items. Check for potential issues.
Warning: reached iteration limit without completing all items. Check for potential issues.
Warning: reached iteration limit without completing all items. Check for potential issues.
Warning: reached iteration limit without completing all items. Check for potential issues.
Warning: reached iteration limit without completing all items. Check for potential issues.
ERR Zou/6x6_1_2_411 orig: BoundsError([0.05 0.04 0.03 0.02 0.01 0.0; 1.06 1.05 1.04 1.03 1.02 0.01; Inf 2.0599999999999996 1.05 1.04 1.03 Inf; Inf 2.07 1.06 1.05 1.04 2.05; Inf 2.08 1.07 1.06 1.05 2.0599999999999996; Inf Inf 1.08 1.07 1.06 2.07], (4, 7))
Warning: reached iteration limit without completing all items. Check for potential issues.
Warning: reached iteration limit without completing all items. Check for potential issues.
Warning: reached iteration limit without completing all items. Check for potential issues.
Warning: reached iteration limit without completing all items. Check for potential issues.
Warning: reached iteration limit without completing all items. Check for potential issues.
Warning: reached iteration limit without completing all items. Check for potential issues.
Warning: reached iteration limit without completing all items. Check for potential issues.
Warning: reached iteration limit without completing all items. Check for potential issues.
Warning: reached iteration limit without completing all items. Check for potential issues.
Warning: reached iteration limit without completing all items. Check for potential issues.
Warning: reached iteration limit without completing all items. Check for potential issues.
Warning: reached iteration limit without completing all items. Check for potential issues.
Warning: reached iteration limit without completing all items. Check for potential issues.
Warning: reached iteration limit without completing all items. Check for potential issues.
Warning: reached iteration limit without completing all items. Check for potential issues.
Warning: reached iteration limit without completing all items. Check for potential issues.
Warning: reached iteration limit without completing all items. Check for potential issues.
Warning: reached iteration limit without completing all items. Check for potential issues.
Warning: reached iteration limit without completing all items. Check for potential issues.
Warning: reached iteration limit without completing all items. Check for potential issues.
Warning: reached iteration limit without completing all items. Check for potential issues.
Warning: reached iteration limit without completing all items. Check for potential issues.
Warning: reached iteration limit without completing all items. Check for potential issues.
Warning: reached iteration limit without completing all items. Check for potential issues.
Warning: reached iteration limit without completing all items. Check for potential issues.
Warning: reached iteration limit without completing all items. Check for potential issues.
Warning: reached iteration limit without completing all items. Check for potential issues.
Warning: reached iteration limit without completing all items. Check for potential issues.
Warning: reached iteration limit without completing all items. Check for potential issues.
Warning: reached iteration limit without completing all items. Check for potential issues.
Warning: reached iteration limit without completing all items. Check for potential issues.
Warning: reached iteration limit without completing all items. Check for potential issues.
Warning: reached iteration limit without completing all items. Check for potential issues.
Warning: reached iteration limit without completing all items. Check for potential issues.
Warning: reached iteration limit without completing all items. Check for potential issues.
Warning: reached iteration limit without completing all items. Check for potential issues.
Warning: reached iteration limit without completing all items. Check for potential issues.
Warning: reached iteration limit without completing all items. Check for potential issues.
Warning: reached iteration limit without completing all items. Check for potential issues.
Warning: reached iteration limit without completing all items. Check for potential issues.
Warning: reached iteration limit without completing all items. Check for potential issues.
Warning: reached iteration limit without completing all items. Check for potential issues.
Warning: reached iteration limit without completing all items. Check for potential issues.
Warning: reached iteration limit without completing all items. Check for potential issues.
Warning: reached iteration limit without completing all items. Check for potential issues.
Warning: reached iteration limit without completing all items. Check for potential issues.
Warning: reached iteration limit without completing all items. Check for potential issues.
Warning: reached iteration limit without completing all items. Check for potential issues.
Warning: reached iteration limit without completing all items. Check for potential issues.
Warning: reached iteration limit without completing all items. Check for potential issues.
Warning: reached iteration limit without completing all items. Check for potential issues.
Warning: reached iteration limit without completing all items. Check for potential issues.
Warning: reached iteration limit without completing all items. Check for potential issues.
ERR Zou/6x6_1_2_516 orig: ArgumentError("IO in wrong format: should be a Tuple{x=int,y=int} or an Array{Tuple}")
Warning: reached iteration limit without completing all items. Check for potential issues.
Warning: reached iteration limit without completing all items. Check for potential issues.
Warning: reached iteration limit without completing all items. Check for potential issues.
Warning: reached iteration limit without completing all items. Check for potential issues.
Warning: reached iteration limit without completing all items. Check for potential issues.
Warning: reached iteration limit without completing all items. Check for potential issues.
Warning: reached iteration limit without completing all items. Check for potential issues.
Warning: reached iteration limit without completing all items. Check for potential issues.
Warning: reached iteration limit without completing all items. Check for potential issues.
Warning: reached iteration limit without completing all items. Check for potential issues.
Warning: reached iteration limit without completing all items. Check for potential issues.
Warning: reached iteration limit without completing all items. Check for potential issues.
Warning: reached iteration limit without completing all items. Check for potential issues.
Warning: reached iteration limit without completing all items. Check for potential issues.
Warning: reached iteration limit without completing all items. Check for potential issues.
Warning: reached iteration limit without completing all items. Check for potential issues.
Warning: reached iteration limit without completing all items. Check for potential issues.
Warning: reached iteration limit without completing all items. Check for potential issues.
Warning: reached iteration limit without completing all items. Check for potential issues.
Warning: reached iteration limit without completing all items. Check for potential issues.
Warning: reached iteration limit without completing all items. Check for potential issues.
Warning: reached iteration limit without completing all items. Check for potential issues.
Warning: reached iteration limit without completing all items. Check for potential issues.
Warning: reached iteration limit without completing all items. Check for potential issues.
Warning: reached iteration limit without completing all items. Check for potential issues.
Warning: reached iteration limit without completing all items. Check for potential issues.
Warning: reached iteration limit without completing all items. Check for potential issues.
Warning: reached iteration limit without completing all items. Check for potential issues.
Warning: reached iteration limit without completing all items. Check for potential issues.
Warning: reached iteration limit without completing all items. Check for potential issues.
Warning: reached iteration limit without completing all items. Check for potential issues.
Warning: reached iteration limit without completing all items. Check for potential issues.
Warning: reached iteration limit without completing all items. Check for potential issues.
Warning: reached iteration limit without completing all items. Check for potential issues.
Warning: reached iteration limit without completing all items. Check for potential issues.
Warning: reached iteration limit without completing all items. Check for potential issues.
Warning: reached iteration limit without completing all items. Check for potential issues.
Warning: reached iteration limit without completing all items. Check for potential issues.
Warning: reached iteration limit without completing all items. Check for potential issues.
Warning: reached iteration limit without completing all items. Check for potential issues.
Warning: reached iteration limit without completing all items. Check for potential issues.
ERR Zou/6x6_1_2_575 orig: BoundsError([0.05 0.04 0.03 0.02 0.01 0.0; 1.06 1.05 1.04 1.03 1.02 0.01; Inf 2.0599999999999996 1.05 1.04 1.03 Inf; Inf 2.07 1.06 1.05 1.04 2.05; Inf 2.08 1.07 1.06 1.05 2.0599999999999996; Inf Inf 1.08 1.07 1.06 2.07], (4, 7))
Warning: reached iteration limit without completing all items. Check for potential issues.
Warning: reached iteration limit without completing all items. Check for potential issues.
Warning: reached iteration limit without completing all items. Check for potential issues.
Warning: reached iteration limit without completing all items. Check for potential issues.
Warning: reached iteration limit without completing all items. Check for potential issues.
Warning: reached iteration limit without completing all items. Check for potential issues.
Warning: reached iteration limit without completing all items. Check for potential issues.
Warning: reached iteration limit without completing all items. Check for potential issues.
Warning: reached iteration limit without completing all items. Check for potential issues.
Warning: reached iteration limit without completing all items. Check for potential issues.
Warning: reached iteration limit without completing all items. Check for potential issues.
Warning: reached iteration limit without completing all items. Check for potential issues.
Warning: reached iteration limit without completing all items. Check for potential issues.
Warning: reached iteration limit without completing all items. Check for potential issues.
Warning: reached iteration limit without completing all items. Check for potential issues.
  [600/3000]
Warning: reached iteration limit without completing all items. Check for potential issues.
Warning: reached iteration limit without completing all items. Check for potential issues.
Warning: reached iteration limit without completing all items. Check for potential issues.
Warning: reached iteration limit without completing all items. Check for potential issues.
Warning: reached iteration limit without completing all items. Check for potential issues.
Warning: reached iteration limit without completing all items. Check for potential issues.
Warning: reached iteration limit without completing all items. Check for potential issues.
Warning: reached iteration limit without completing all items. Check for potential issues.
Warning: reached iteration limit without completing all items. Check for potential issues.
Warning: reached iteration limit without completing all items. Check for potential issues.
Warning: reached iteration limit without completing all items. Check for potential issues.
Warning: reached iteration limit without completing all items. Check for potential issues.
Warning: reached iteration limit without completing all items. Check for potential issues.
Warning: reached iteration limit without completing all items. Check for potential issues.
Warning: reached iteration limit without completing all items. Check for potential issues.
Warning: reached iteration limit without completing all items. Check for potential issues.
Warning: reached iteration limit without completing all items. Check for potential issues.
Warning: reached iteration limit without completing all items. Check for potential issues.
Warning: reached iteration limit without completing all items. Check for potential issues.
Warning: reached iteration limit without completing all items. Check for potential issues.
Warning: reached iteration limit without completing all items. Check for potential issues.
Warning: reached iteration limit without completing all items. Check for potential issues.
Warning: reached iteration limit without completing all items. Check for potential issues.
Warning: reached iteration limit without completing all items. Check for potential issues.
Warning: reached iteration limit without completing all items. Check for potential issues.
Warning: reached iteration limit without completing all items. Check for potential issues.
Warning: reached iteration limit without completing all items. Check for potential issues.
Warning: reached iteration limit without completing all items. Check for potential issues.
Warning: reached iteration limit without completing all items. Check for potential issues.
Warning: reached iteration limit without completing all items. Check for potential issues.
Warning: reached iteration limit without completing all items. Check for potential issues.
Warning: reached iteration limit without completing all items. Check for potential issues.
Warning: reached iteration limit without completing all items. Check for potential issues.
Warning: reached iteration limit without completing all items. Check for potential issues.
Warning: reached iteration limit without completing all items. Check for potential issues.
Warning: reached iteration limit without completing all items. Check for potential issues.
Warning: reached iteration limit without completing all items. Check for potential issues.
Warning: reached iteration limit without completing all items. Check for potential issues.
Warning: reached iteration limit without completing all items. Check for potential issues.
Warning: reached iteration limit without completing all items. Check for potential issues.
Warning: reached iteration limit without completing all items. Check for potential issues.
Warning: reached iteration limit without completing all items. Check for potential issues.
Warning: reached iteration limit without completing all items. Check for potential issues.
Warning: reached iteration limit without completing all items. Check for potential issues.
Warning: reached iteration limit without completing all items. Check for potential issues.
Warning: reached iteration limit without completing all items. Check for potential issues.
Warning: reached iteration limit without completing all items. Check for potential issues.
Warning: reached iteration limit without completing all items. Check for potential issues.
Warning: reached iteration limit without completing all items. Check for potential issues.
Warning: reached iteration limit without completing all items. Check for potential issues.
Warning: reached iteration limit without completing all items. Check for potential issues.
Warning: reached iteration limit without completing all items. Check for potential issues.
Warning: reached iteration limit without completing all items. Check for potential issues.
Warning: reached iteration limit without completing all items. Check for potential issues.
Warning: reached iteration limit without completing all items. Check for potential issues.
Warning: reached iteration limit without completing all items. Check for potential issues.
Warning: reached iteration limit without completing all items. Check for potential issues.
Warning: reached iteration limit without completing all items. Check for potential issues.
Warning: reached iteration limit without completing all items. Check for potential issues.
Warning: reached iteration limit without completing all items. Check for potential issues.
Warning: reached iteration limit without completing all items. Check for potential issues.
Warning: reached iteration limit without completing all items. Check for potential issues.
Warning: reached iteration limit without completing all items. Check for potential issues.
Warning: reached iteration limit without completing all items. Check for potential issues.
Warning: reached iteration limit without completing all items. Check for potential issues.
Warning: reached iteration limit without completing all items. Check for potential issues.
Warning: reached iteration limit without completing all items. Check for potential issues.
Warning: reached iteration limit without completing all items. Check for potential issues.
Warning: reached iteration limit without completing all items. Check for potential issues.
Warning: reached iteration limit without completing all items. Check for potential issues.
Warning: reached iteration limit without completing all items. Check for potential issues.
Warning: reached iteration limit without completing all items. Check for potential issues.
Warning: reached iteration limit without completing all items. Check for potential issues.
Warning: reached iteration limit without completing all items. Check for potential issues.
Warning: reached iteration limit without completing all items. Check for potential issues.
Warning: reached iteration limit without completing all items. Check for potential issues.
Warning: reached iteration limit without completing all items. Check for potential issues.
Warning: reached iteration limit without completing all items. Check for potential issues.
Warning: reached iteration limit without completing all items. Check for potential issues.
Warning: reached iteration limit without completing all items. Check for potential issues.
Warning: reached iteration limit without completing all items. Check for potential issues.
Warning: reached iteration limit without completing all items. Check for potential issues.
Warning: reached iteration limit without completing all items. Check for potential issues.
Warning: reached iteration limit without completing all items. Check for potential issues.
Warning: reached iteration limit without completing all items. Check for potential issues.
Warning: reached iteration limit without completing all items. Check for potential issues.
ERR Zou/6x6_1_2_717 orig: BoundsError([Inf Inf Inf Inf Inf 0.0; Inf Inf Inf Inf Inf Inf; Inf Inf Inf Inf Inf Inf; Inf Inf Inf Inf Inf Inf; Inf Inf Inf Inf Inf Inf; Inf Inf Inf Inf Inf Inf], (3, 7))
ERR Zou/6x6_1_2_717 grad: BoundsError([Inf Inf Inf Inf Inf 0.0; Inf Inf Inf Inf Inf Inf; Inf Inf Inf Inf Inf Inf; Inf Inf Inf Inf Inf Inf; Inf Inf Inf Inf Inf Inf; Inf Inf Inf Inf Inf Inf], (3, 7))
Warning: reached iteration limit without completing all items. Check for potential issues.
Warning: reached iteration limit without completing all items. Check for potential issues.
Warning: reached iteration limit without completing all items. Check for potential issues.
Warning: reached iteration limit without completing all items. Check for potential issues.
Warning: reached iteration limit without completing all items. Check for potential issues.
Warning: reached iteration limit without completing all items. Check for potential issues.
Warning: reached iteration limit without completing all items. Check for potential issues.
Warning: reached iteration limit without completing all items. Check for potential issues.
Warning: reached iteration limit without completing all items. Check for potential issues.
Warning: reached iteration limit without completing all items. Check for potential issues.
Warning: reached iteration limit without completing all items. Check for potential issues.
Warning: reached iteration limit without completing all items. Check for potential issues.
Warning: reached iteration limit without completing all items. Check for potential issues.
Warning: reached iteration limit without completing all items. Check for potential issues.
Warning: reached iteration limit without completing all items. Check for potential issues.
Warning: reached iteration limit without completing all items. Check for potential issues.
Warning: reached iteration limit without completing all items. Check for potential issues.
Warning: reached iteration limit without completing all items. Check for potential issues.
Warning: reached iteration limit without completing all items. Check for potential issues.
Warning: reached iteration limit without completing all items. Check for potential issues.
Warning: reached iteration limit without completing all items. Check for potential issues.
Warning: reached iteration limit without completing all items. Check for potential issues.
Warning: reached iteration limit without completing all items. Check for potential issues.
Warning: reached iteration limit without completing all items. Check for potential issues.
Warning: reached iteration limit without completing all items. Check for potential issues.
Warning: reached iteration limit without completing all items. Check for potential issues.
Warning: reached iteration limit without completing all items. Check for potential issues.
Warning: reached iteration limit without completing all items. Check for potential issues.
Warning: reached iteration limit without completing all items. Check for potential issues.
Warning: reached iteration limit without completing all items. Check for potential issues.
Warning: reached iteration limit without completing all items. Check for potential issues.
Warning: reached iteration limit without completing all items. Check for potential issues.
Warning: reached iteration limit without completing all items. Check for potential issues.
Warning: reached iteration limit without completing all items. Check for potential issues.
Warning: reached iteration limit without completing all items. Check for potential issues.
Warning: reached iteration limit without completing all items. Check for potential issues.
Warning: reached iteration limit without completing all items. Check for potential issues.
Warning: reached iteration limit without completing all items. Check for potential issues.
Warning: reached iteration limit without completing all items. Check for potential issues.
Warning: reached iteration limit without completing all items. Check for potential issues.
Warning: reached iteration limit without completing all items. Check for potential issues.
Warning: reached iteration limit without completing all items. Check for potential issues.
ERR Zou/6x6_1_2_794 orig: BoundsError([0.05 0.04 0.03 0.02 0.01 0.0; 1.06 1.05 1.04 1.03 1.02 Inf; Inf 2.0599999999999996 1.05 1.04 1.03 2.04; Inf 2.07 1.06 1.05 1.04 2.05; Inf Inf 1.07 1.06 1.05 2.0599999999999996; Inf Inf Inf 1.07 1.06 2.07], (3, 7))
Warning: reached iteration limit without completing all items. Check for potential issues.
Warning: reached iteration limit without completing all items. Check for potential issues.
Warning: reached iteration limit without completing all items. Check for potential issues.
Warning: reached iteration limit without completing all items. Check for potential issues.
Warning: reached iteration limit without completing all items. Check for potential issues.
  [800/3000]
Warning: reached iteration limit without completing all items. Check for potential issues.
Warning: reached iteration limit without completing all items. Check for potential issues.
Warning: reached iteration limit without completing all items. Check for potential issues.
Warning: reached iteration limit without completing all items. Check for potential issues.
Warning: reached iteration limit without completing all items. Check for potential issues.
Warning: reached iteration limit without completing all items. Check for potential issues.
Warning: reached iteration limit without completing all items. Check for potential issues.
Warning: reached iteration limit without completing all items. Check for potential issues.
Warning: reached iteration limit without completing all items. Check for potential issues.
Warning: reached iteration limit without completing all items. Check for potential issues.
Warning: reached iteration limit without completing all items. Check for potential issues.
Warning: reached iteration limit without completing all items. Check for potential issues.
Warning: reached iteration limit without completing all items. Check for potential issues.
Warning: reached iteration limit without completing all items. Check for potential issues.
Warning: reached iteration limit without completing all items. Check for potential issues.
Warning: reached iteration limit without completing all items. Check for potential issues.
ERR Zou/6x6_1_2_820 orig: BoundsError([0.05 0.04 0.03 0.02 0.01 0.0; 1.06 1.05 1.04 1.03 1.02 0.01; Inf 2.0599999999999996 1.05 1.04 1.03 Inf; Inf 2.07 1.06 1.05 1.04 2.05; Inf 2.08 1.07 1.06 1.05 2.0599999999999996; Inf Inf 1.08 1.07 1.06 2.07], (4, 7))
Warning: reached iteration limit without completing all items. Check for potential issues.
Warning: reached iteration limit without completing all items. Check for potential issues.
Warning: reached iteration limit without completing all items. Check for potential issues.
Warning: reached iteration limit without completing all items. Check for potential issues.
Warning: reached iteration limit without completing all items. Check for potential issues.
Warning: reached iteration limit without completing all items. Check for potential issues.
Warning: reached iteration limit without completing all items. Check for potential issues.
ERR Zou/6x6_1_2_833 orig: BoundsError([0.05 0.04 0.03 0.02 0.01 0.0; 1.06 1.05 1.04 1.03 1.02 0.01; Inf Inf 1.05 1.04 1.03 0.02; Inf 1.07 1.06 1.05 1.04 0.03; Inf Inf 2.07 2.0599999999999996 1.05 Inf; Inf Inf Inf 2.07 1.06 2.07], (6, 7))
Warning: reached iteration limit without completing all items. Check for potential issues.
Warning: reached iteration limit without completing all items. Check for potential issues.
ERR Zou/6x6_1_2_835 grad: BoundsError([Inf Inf Inf Inf Inf 0.0; Inf Inf Inf Inf Inf Inf; Inf Inf Inf Inf Inf Inf; Inf Inf Inf Inf Inf Inf; Inf Inf Inf Inf Inf Inf; Inf Inf Inf Inf Inf Inf], (3, 7))
Warning: reached iteration limit without completing all items. Check for potential issues.
Warning: reached iteration limit without completing all items. Check for potential issues.
Warning: reached iteration limit without completing all items. Check for potential issues.
Warning: reached iteration limit without completing all items. Check for potential issues.
Warning: reached iteration limit without completing all items. Check for potential issues.
Warning: reached iteration limit without completing all items. Check for potential issues.
Warning: reached iteration limit without completing all items. Check for potential issues.
Warning: reached iteration limit without completing all items. Check for potential issues.
Warning: reached iteration limit without completing all items. Check for potential issues.
Warning: reached iteration limit without completing all items. Check for potential issues.
Warning: reached iteration limit without completing all items. Check for potential issues.
Warning: reached iteration limit without completing all items. Check for potential issues.
Warning: reached iteration limit without completing all items. Check for potential issues.
Warning: reached iteration limit without completing all items. Check for potential issues.
Warning: reached iteration limit without completing all items. Check for potential issues.
Warning: reached iteration limit without completing all items. Check for potential issues.
Warning: reached iteration limit without completing all items. Check for potential issues.
Warning: reached iteration limit without completing all items. Check for potential issues.
Warning: reached iteration limit without completing all items. Check for potential issues.
Warning: reached iteration limit without completing all items. Check for potential issues.
Warning: reached iteration limit without completing all items. Check for potential issues.
Warning: reached iteration limit without completing all items. Check for potential issues.
Warning: reached iteration limit without completing all items. Check for potential issues.
Warning: reached iteration limit without completing all items. Check for potential issues.
Warning: reached iteration limit without completing all items. Check for potential issues.
Warning: reached iteration limit without completing all items. Check for potential issues.
Warning: reached iteration limit without completing all items. Check for potential issues.
Warning: reached iteration limit without completing all items. Check for potential issues.
Warning: reached iteration limit without completing all items. Check for potential issues.
Warning: reached iteration limit without completing all items. Check for potential issues.
Warning: reached iteration limit without completing all items. Check for potential issues.
Warning: reached iteration limit without completing all items. Check for potential issues.
Warning: reached iteration limit without completing all items. Check for potential issues.
Warning: reached iteration limit without completing all items. Check for potential issues.
Warning: reached iteration limit without completing all items. Check for potential issues.
Warning: reached iteration limit without completing all items. Check for potential issues.
Warning: reached iteration limit without completing all items. Check for potential issues.
Warning: reached iteration limit without completing all items. Check for potential issues.
Warning: reached iteration limit without completing all items. Check for potential issues.
Warning: reached iteration limit without completing all items. Check for potential issues.
Warning: reached iteration limit without completing all items. Check for potential issues.
Warning: reached iteration limit without completing all items. Check for potential issues.
Warning: reached iteration limit without completing all items. Check for potential issues.
Warning: reached iteration limit without completing all items. Check for potential issues.
Warning: reached iteration limit without completing all items. Check for potential issues.
Warning: reached iteration limit without completing all items. Check for potential issues.
Warning: reached iteration limit without completing all items. Check for potential issues.
Warning: reached iteration limit without completing all items. Check for potential issues.
Warning: reached iteration limit without completing all items. Check for potential issues.
Warning: reached iteration limit without completing all items. Check for potential issues.
Warning: reached iteration limit without completing all items. Check for potential issues.
Warning: reached iteration limit without completing all items. Check for potential issues.
Warning: reached iteration limit without completing all items. Check for potential issues.
Warning: reached iteration limit without completing all items. Check for potential issues.
ERR Zou/6x6_1_2_908 orig: BoundsError([0.05 0.04 0.03 0.02 0.01 0.0; 1.06 1.05 1.04 1.03 1.02 0.01; Inf 2.0599999999999996 1.05 1.04 1.03 Inf; Inf 2.07 1.06 1.05 1.04 2.05; Inf 2.08 1.07 1.06 1.05 2.0599999999999996; Inf Inf 1.08 1.07 1.06 2.07], (4, 7))
Warning: reached iteration limit without completing all items. Check for potential issues.
Warning: reached iteration limit without completing all items. Check for potential issues.
Warning: reached iteration limit without completing all items. Check for potential issues.
Warning: reached iteration limit without completing all items. Check for potential issues.
Warning: reached iteration limit without completing all items. Check for potential issues.
Warning: reached iteration limit without completing all items. Check for potential issues.
Warning: reached iteration limit without completing all items. Check for potential issues.
Warning: reached iteration limit without completing all items. Check for potential issues.
Warning: reached iteration limit without completing all items. Check for potential issues.
Warning: reached iteration limit without completing all items. Check for potential issues.
Warning: reached iteration limit without completing all items. Check for potential issues.
Warning: reached iteration limit without completing all items. Check for potential issues.
Warning: reached iteration limit without completing all items. Check for potential issues.
Warning: reached iteration limit without completing all items. Check for potential issues.
Warning: reached iteration limit without completing all items. Check for potential issues.
Warning: reached iteration limit without completing all items. Check for potential issues.
Warning: reached iteration limit without completing all items. Check for potential issues.
Warning: reached iteration limit without completing all items. Check for potential issues.
Warning: reached iteration limit without completing all items. Check for potential issues.
Warning: reached iteration limit without completing all items. Check for potential issues.
Warning: reached iteration limit without completing all items. Check for potential issues.
Warning: reached iteration limit without completing all items. Check for potential issues.
Warning: reached iteration limit without completing all items. Check for potential issues.
Warning: reached iteration limit without completing all items. Check for potential issues.
Warning: reached iteration limit without completing all items. Check for potential issues.
Warning: reached iteration limit without completing all items. Check for potential issues.
Warning: reached iteration limit without completing all items. Check for potential issues.
Warning: reached iteration limit without completing all items. Check for potential issues.
Warning: reached iteration limit without completing all items. Check for potential issues.
Warning: reached iteration limit without completing all items. Check for potential issues.
Warning: reached iteration limit without completing all items. Check for potential issues.
Warning: reached iteration limit without completing all items. Check for potential issues.
Warning: reached iteration limit without completing all items. Check for potential issues.
Warning: reached iteration limit without completing all items. Check for potential issues.
Warning: reached iteration limit without completing all items. Check for potential issues.
Warning: reached iteration limit without completing all items. Check for potential issues.
Warning: reached iteration limit without completing all items. Check for potential issues.
Warning: reached iteration limit without completing all items. Check for potential issues.
Warning: reached iteration limit without completing all items. Check for potential issues.
Warning: reached iteration limit without completing all items. Check for potential issues.
Warning: reached iteration limit without completing all items. Check for potential issues.
Warning: reached iteration limit without completing all items. Check for potential issues.
Warning: reached iteration limit without completing all items. Check for potential issues.
Warning: reached iteration limit without completing all items. Check for potential issues.
Warning: reached iteration limit without completing all items. Check for potential issues.
Warning: reached iteration limit without completing all items. Check for potential issues.
Warning: reached iteration limit without completing all items. Check for potential issues.
Warning: reached iteration limit without completing all items. Check for potential issues.
Warning: reached iteration limit without completing all items. Check for potential issues.
Warning: reached iteration limit without completing all items. Check for potential issues.
Warning: reached iteration limit without completing all items. Check for potential issues.
Warning: reached iteration limit without completing all items. Check for potential issues.
Warning: reached iteration limit without completing all items. Check for potential issues.
Warning: reached iteration limit without completing all items. Check for potential issues.
Warning: reached iteration limit without completing all items. Check for potential issues.
Warning: reached iteration limit without completing all items. Check for potential issues.
Warning: reached iteration limit without completing all items. Check for potential issues.
Warning: reached iteration limit without completing all items. Check for potential issues.
Warning: reached iteration limit without completing all items. Check for potential issues.
Warning: reached iteration limit without completing all items. Check for potential issues.
Warning: reached iteration limit without completing all items. Check for potential issues.
Warning: reached iteration limit without completing all items. Check for potential issues.
Warning: reached iteration limit without completing all items. Check for potential issues.
Warning: reached iteration limit without completing all items. Check for potential issues.
Warning: reached iteration limit without completing all items. Check for potential issues.
Warning: reached iteration limit without completing all items. Check for potential issues.
Warning: reached iteration limit without completing all items. Check for potential issues.
Warning: reached iteration limit without completing all items. Check for potential issues.
Warning: reached iteration limit without completing all items. Check for potential issues.
Warning: reached iteration limit without completing all items. Check for potential issues.
Warning: reached iteration limit without completing all items. Check for potential issues.
Warning: reached iteration limit without completing all items. Check for potential issues.
Warning: reached iteration limit without completing all items. Check for potential issues.
Warning: reached iteration limit without completing all items. Check for potential issues.
Warning: reached iteration limit without completing all items. Check for potential issues.
  [1000/3000]
ERR Zou/6x6_2_2_4 orig: BoundsError([2.07 2.0599999999999996 2.05 Inf 0.01 0.0; 1.06 1.05 1.04 1.03 1.02 0.01; 2.07 2.0599999999999996 2.05 2.04 Inf Inf; 3.079999999999999 2.0699999999999994 2.0599999999999996 2.05 Inf 4.079999999999999; 3.089999999999999 2.079999999999999 2.0699999999999994 2.0599999999999996 3.0699999999999994 3.079999999999999; 3.0999999999999988 2.089999999999999 2.079999999999999 2.0699999999999994 3.079999999999999 4.089999999999999], (5, 7))
ERR Zou/6x6_2_2_14 orig: BoundsError([0.05 0.04 0.03 0.02 0.01 0.0; 1.06 1.05 1.04 1.03 1.02 Inf; Inf 2.0599999999999996 1.05 1.04 Inf Inf; Inf 2.07 1.06 1.05 Inf 3.0799999999999996; Inf 2.08 1.07 1.06 2.07 2.0799999999999996; Inf 2.09 1.08 1.07 2.08 3.0899999999999994], (5, 7))
ERR Zou/6x6_2_2_16 orig: BoundsError([0.05 0.04 0.03 0.02 0.01 0.0; 1.06 1.05 1.04 1.03 Inf Inf; Inf 2.0599999999999996 1.05 1.04 Inf 3.0799999999999996; Inf 2.07 1.06 1.05 Inf 3.0799999999999996; Inf 2.08 1.07 1.06 2.07 2.0799999999999996; Inf 2.09 1.08 1.07 2.08 3.0899999999999994], (5, 7))
ERR Zou/6x6_2_2_19 orig: BoundsError([Inf Inf 0.03 0.02 0.01 0.0; Inf Inf 1.04 1.03 1.02 Inf; Inf Inf 2.05 1.04 1.03 2.04; Inf Inf 2.0599999999999996 1.05 1.04 Inf; Inf Inf 2.07 1.06 1.05 2.0599999999999996; Inf Inf 2.08 1.07 1.06 2.07], (5, 7))
ERR Zou/6x6_2_2_19 grad: BoundsError([0.05 0.04 0.03 0.02 0.01 0.0; 1.06 1.05 1.04 1.03 Inf Inf; 1.07 1.06 1.05 1.04 Inf 3.099999999999999; 1.08 1.07 1.06 1.05 Inf 3.0899999999999994; 1.09 1.08 1.07 1.06 2.07 2.0799999999999996; 1.1 1.09 1.08 1.07 2.08 2.09], (3, 7))
ERR Zou/6x6_2_2_21 orig: BoundsError([0.05 0.04 0.03 0.02 0.01 0.0; 1.06 1.05 1.04 1.03 Inf Inf; 2.07 1.06 Inf 1.04 2.05 2.0599999999999996; 2.08 1.07 2.0599999999999996 1.05 2.0599999999999996 3.0699999999999994; Inf 1.08 2.07 1.06 2.07 Inf; Inf Inf 2.08 1.07 2.08 Inf], (3, 7))
ERR Zou/6x6_2_2_21 grad: BoundsError([0.05 0.04 0.03 0.02 0.01 0.0; 1.06 1.05 1.04 1.03 Inf Inf; 2.07 1.06 Inf 1.04 2.05 2.0599999999999996; 2.08 1.07 2.0599999999999996 1.05 2.0599999999999996 3.0699999999999994; Inf 1.08 2.07 1.06 2.07 Inf; Inf Inf 2.08 1.07 2.08 Inf], (3, 7))
Warning: reached iteration limit without completing all items. Check for potential issues.
ERR Zou/6x6_2_2_35 orig: BoundsError([0.05 0.04 0.03 0.02 0.01 0.0; 1.06 1.05 1.04 1.03 1.02 0.01; Inf Inf 1.05 1.04 1.03 0.02; Inf 1.07 1.06 1.05 1.04 0.03; Inf Inf Inf 2.0599999999999996 1.05 Inf; Inf Inf Inf 2.07 1.06 2.07], (6, 7))
ERR Zou/6x6_2_2_51 orig: BoundsError([Inf Inf Inf Inf 0.01 0.0; Inf Inf Inf Inf Inf Inf; Inf Inf Inf Inf Inf Inf; Inf Inf Inf Inf Inf Inf; Inf Inf Inf Inf Inf Inf; Inf Inf Inf Inf Inf Inf], (6, 7))
ERR Zou/6x6_2_2_51 grad: BoundsError([Inf Inf Inf Inf 0.01 0.0; Inf Inf Inf Inf Inf Inf; Inf Inf Inf Inf Inf Inf; Inf Inf Inf Inf Inf Inf; Inf Inf Inf Inf Inf Inf; Inf Inf Inf Inf Inf Inf], (6, 7))
ERR Zou/6x6_2_2_57 grad: BoundsError([0.05 0.04 0.03 0.02 0.01 0.0; 1.06 1.05 1.04 1.03 Inf Inf; 2.07 1.06 1.05 1.04 2.05 2.0599999999999996; 2.08 1.07 1.06 1.05 2.0599999999999996 3.0699999999999994; Inf 1.08 1.07 1.06 2.07 Inf; Inf Inf 1.08 1.07 2.08 Inf], (3, 7))
ERR Zou/6x6_2_2_60 orig: BoundsError([0.05 0.04 0.03 0.02 0.01 0.0; 1.06 1.05 1.04 1.03 Inf 0.01; 1.07 1.06 1.05 1.04 1.03 0.02; 1.08 1.07 1.06 1.05 Inf Inf; 1.09 1.08 1.07 1.06 2.07 2.0799999999999996; 1.1 1.09 1.08 1.07 2.08 2.09], (5, 7))
Warning: reached iteration limit without completing all items. Check for potential issues.
Warning: reached iteration limit without completing all items. Check for potential issues.
ERR Zou/6x6_2_2_85 orig: BoundsError([0.05 0.04 0.03 0.02 0.01 0.0; 1.06 1.05 1.04 1.03 Inf Inf; Inf 1.06 1.05 1.04 Inf 3.0699999999999994; 2.08 1.07 1.06 1.05 2.0599999999999996 2.0699999999999994; 2.09 1.08 1.07 1.06 2.07 3.079999999999999; Inf 1.09 1.08 1.07 2.08 Inf], (4, 7))
ERR Zou/6x6_2_2_89 orig: BoundsError([0.05 0.04 0.03 0.02 0.01 0.0; 1.06 1.05 1.04 Inf 1.02 0.01; Inf Inf 2.07 Inf 1.03 0.02; Inf 1.07 1.06 1.05 1.04 0.03; Inf Inf 2.07 Inf 1.05 Inf; Inf Inf Inf 2.07 1.06 2.07], (6, 7))
ERR Zou/6x6_2_2_90 orig: BoundsError([0.05 0.04 0.03 0.02 0.01 0.0; 1.06 1.05 1.04 1.03 1.02 0.01; 1.07 1.06 1.05 1.04 1.03 0.02; 1.08 Inf 1.06 1.05 1.04 0.03; 1.09 Inf 1.07 1.06 1.05 0.04; 1.1 Inf 1.08 1.07 1.06 0.05], (3, 7))
ERR Zou/6x6_2_2_90 grad: BoundsError([0.05 0.04 0.03 0.02 0.01 0.0; 1.06 1.05 1.04 1.03 1.02 0.01; 1.07 1.06 1.05 1.04 1.03 0.02; 1.08 Inf 1.06 1.05 1.04 0.03; 1.09 Inf 1.07 1.06 1.05 0.04; 1.1 Inf 1.08 1.07 1.06 0.05], (3, 7))
ERR Zou/6x6_2_2_116 orig: BoundsError([0.05 0.04 0.03 0.02 0.01 0.0; 1.06 1.05 1.04 1.03 1.02 0.01; 2.09 2.0599999999999996 1.05 Inf 1.03 0.02; 1.08 1.07 1.06 1.05 1.04 0.03; 2.09 2.08 1.07 Inf Inf Inf; Inf 2.09 1.08 2.09 2.0999999999999996 2.1099999999999994], (6, 7))
ERR Zou/6x6_2_2_118 orig: BoundsError([Inf Inf Inf Inf Inf 0.0; Inf Inf Inf Inf Inf 0.01; Inf Inf Inf Inf Inf 0.02; Inf Inf Inf Inf Inf Inf; Inf Inf Inf Inf Inf Inf; Inf Inf Inf Inf Inf Inf], (2, 7))
ERR Zou/6x6_2_2_118 grad: BoundsError([Inf Inf Inf Inf Inf 0.0; Inf Inf Inf Inf Inf 0.01; Inf Inf Inf Inf Inf 0.02; Inf Inf Inf Inf Inf Inf; Inf Inf Inf Inf Inf Inf; Inf Inf Inf Inf Inf Inf], (2, 7))
ERR Zou/6x6_2_2_137 orig: BoundsError([0.05 0.04 0.03 0.02 0.01 0.0; 1.06 1.05 1.04 1.03 Inf Inf; 2.07 1.06 1.05 1.04 Inf 3.0999999999999996; 2.08 1.07 1.06 Inf 3.0999999999999996 3.0999999999999996; 2.09 1.08 1.07 2.08 2.09 2.0999999999999996; 2.0999999999999996 1.09 1.08 2.09 3.0999999999999996 3.1099999999999994], (5, 7))
ERR Zou/6x6_2_2_144 orig: BoundsError([0.05 0.04 0.03 0.02 0.01 0.0; 1.06 1.05 1.04 1.03 Inf Inf; 1.07 1.06 1.05 Inf Inf 3.0899999999999994; 1.08 1.07 1.06 2.07 2.0799999999999996 2.0899999999999994; 1.09 1.08 1.07 2.08 3.0899999999999994 3.099999999999999; 1.1 1.09 1.08 2.09 Inf Inf], (4, 7))
ERR Zou/6x6_2_2_161 orig: BoundsError([0.05 0.04 0.03 0.02 0.01 0.0; 1.06 1.05 1.04 1.03 1.02 0.01; Inf Inf 2.05 1.04 1.03 Inf; Inf Inf 2.0599999999999996 1.05 1.04 2.05; Inf Inf 2.07 1.06 1.05 2.0599999999999996; Inf Inf 2.08 1.07 1.06 Inf], (5, 7))
ERR Zou/6x6_2_2_161 grad: BoundsError([0.05 0.04 0.03 0.02 0.01 0.0; 1.06 1.05 1.04 1.03 1.02 0.01; 1.07 1.06 1.05 1.04 1.03 Inf; 1.08 1.07 1.06 1.05 Inf Inf; 1.09 1.08 1.07 1.06 Inf Inf; 1.1 1.09 1.08 1.07 Inf Inf], (5, 7))
ERR Zou/6x6_2_2_162 orig: BoundsError([Inf Inf Inf Inf 0.01 0.0; Inf Inf Inf Inf 1.02 0.01; Inf Inf Inf Inf Inf 0.02; Inf Inf Inf Inf Inf Inf; Inf Inf Inf Inf Inf Inf; Inf Inf Inf Inf Inf Inf], (2, 7))
ERR Zou/6x6_2_2_167 grad: BoundsError([0.05 0.04 0.03 0.02 0.01 0.0; 1.06 1.05 1.04 1.03 Inf Inf; 2.07 1.06 1.05 1.04 2.05 2.0599999999999996; 2.08 1.07 1.06 1.05 2.0599999999999996 3.0699999999999994; Inf 1.08 1.07 1.06 2.07 Inf; Inf Inf 1.08 1.07 2.08 Inf], (3, 7))
ERR Zou/6x6_2_2_185 orig: BoundsError([0.05 0.04 0.03 0.02 0.01 0.0; 1.06 1.05 1.04 1.03 1.02 0.01; Inf Inf Inf 1.04 1.03 0.02; Inf 1.07 1.06 1.05 1.04 0.03; Inf Inf Inf Inf 1.05 Inf; Inf Inf Inf 2.07 1.06 2.07], (6, 7))
ERR Zou/6x6_2_2_187 orig: BoundsError([0.05 0.04 0.03 0.02 0.01 0.0; 1.06 1.05 1.04 1.03 1.02 0.01; Inf 2.0599999999999996 1.05 1.04 Inf Inf; Inf 2.07 1.06 1.05 Inf 3.0799999999999996; Inf 2.08 1.07 1.06 2.07 2.0799999999999996; Inf 2.09 1.08 1.07 2.08 3.0899999999999994], (5, 7))
ERR Zou/6x6_2_2_190 orig: BoundsError([0.05 0.04 0.03 0.02 0.01 0.0; Inf 1.05 1.04 1.03 1.02 0.01; Inf Inf Inf 1.04 1.03 0.02; Inf Inf Inf 1.05 1.04 Inf; Inf Inf 2.07 1.06 1.05 2.0599999999999996; Inf Inf 2.08 1.07 1.06 2.07], (5, 7))
ERR Zou/6x6_2_2_191 orig: BoundsError([0.05 0.04 0.03 0.02 0.01 0.0; 1.06 1.05 1.04 1.03 1.02 0.01; 1.07 1.06 1.05 1.04 Inf 0.02; 1.08 1.07 1.06 1.05 Inf 0.03; 1.09 1.08 1.07 1.06 Inf Inf; 1.1 1.09 1.08 1.07 2.08 2.09], (6, 7))
  [1200/3000]
ERR Zou/6x6_2_2_204 orig: BoundsError([Inf Inf Inf Inf Inf 0.0; Inf Inf Inf Inf 1.02 0.01; Inf Inf Inf Inf Inf 0.02; Inf Inf Inf Inf Inf Inf; Inf Inf Inf Inf Inf Inf; Inf Inf Inf Inf Inf Inf], (2, 7))
ERR Zou/6x6_2_2_214 orig: BoundsError([0.05 0.04 0.03 0.02 0.01 0.0; Inf 1.05 1.04 1.03 1.02 0.01; Inf Inf 1.05 1.04 1.03 0.02; Inf 1.07 1.06 1.05 1.04 0.03; Inf Inf Inf 2.0599999999999996 1.05 Inf; Inf Inf Inf 2.07 1.06 2.07], (6, 7))
ERR Zou/6x6_2_2_219 orig: BoundsError([0.05 0.04 0.03 0.02 0.01 0.0; 1.06 Inf Inf 1.03 1.02 Inf; 1.07 2.0599999999999996 2.05 1.04 Inf 3.079999999999999; 1.08 2.0699999999999994 2.0599999999999996 1.05 2.0599999999999996 2.0699999999999994; 1.09 2.0799999999999996 2.07 1.06 2.07 2.0799999999999996; 1.1 2.11 2.08 1.07 2.08 2.09], (3, 7))
ERR Zou/6x6_2_2_235 orig: BoundsError([0.05 0.04 0.03 0.02 0.01 0.0; 1.06 1.05 1.04 1.03 1.02 0.01; Inf 1.06 1.05 1.04 1.03 0.02; Inf Inf Inf 1.05 1.04 Inf; Inf Inf Inf 1.06 1.05 2.0599999999999996; Inf Inf Inf 1.07 1.06 2.07], (5, 7))
ERR Zou/6x6_2_2_237 orig: BoundsError([0.05 0.04 0.03 0.02 0.01 0.0; 1.06 1.05 1.04 1.03 1.02 Inf; Inf 2.0599999999999996 1.05 1.04 1.03 2.04; Inf Inf 1.06 1.05 1.04 2.05; Inf Inf 1.07 1.06 1.05 2.0599999999999996; Inf Inf Inf 1.07 1.06 2.07], (3, 7))
ERR Zou/6x6_2_2_240 orig: BoundsError([0.05 0.04 0.03 0.02 0.01 0.0; 1.06 1.05 1.04 1.03 Inf 0.01; 1.07 1.06 1.05 1.04 Inf Inf; 1.08 1.07 1.06 1.05 Inf 3.0799999999999996; 1.09 1.08 1.07 1.06 2.07 2.0799999999999996; 1.1 1.09 1.08 1.07 2.08 2.09], (5, 7))
ERR Zou/6x6_2_2_247 orig: BoundsError([0.05 0.04 0.03 0.02 0.01 0.0; 1.06 1.05 1.04 1.03 1.02 0.01; Inf 2.0599999999999996 1.05 1.04 1.03 Inf; Inf Inf 1.06 1.05 1.04 2.05; Inf Inf 1.07 1.06 1.05 2.0599999999999996; Inf Inf 1.08 1.07 1.06 2.07], (4, 7))
ERR Zou/6x6_2_2_252 orig: BoundsError([0.05 0.04 0.03 0.02 0.01 0.0; 1.06 1.05 1.04 1.03 Inf Inf; 2.07 1.06 1.05 1.04 Inf 3.0699999999999994; 2.08 1.07 1.06 1.05 2.0599999999999996 2.0699999999999994; 2.09 1.08 1.07 1.06 2.07 3.079999999999999; Inf 1.09 1.08 1.07 2.08 Inf], (4, 7))
ERR Zou/6x6_2_2_254 orig: BoundsError([0.05 0.04 0.03 0.02 0.01 0.0; 1.06 1.05 1.04 1.03 1.02 0.01; Inf 2.0599999999999996 1.05 1.04 1.03 Inf; Inf Inf Inf 1.05 1.04 2.05; Inf Inf Inf 1.06 1.05 2.0599999999999996; Inf Inf 2.08 1.07 1.06 2.07], (4, 7))
ERR Zou/6x6_2_2_270 orig: BoundsError([0.05 0.04 0.03 0.02 0.01 0.0; 1.06 1.05 1.04 1.03 1.02 0.01; Inf 2.0599999999999996 1.05 1.04 Inf Inf; Inf 2.07 1.06 1.05 Inf 3.0799999999999996; Inf 2.08 1.07 1.06 2.07 2.0799999999999996; Inf 2.09 1.08 1.07 2.08 3.0899999999999994], (5, 7))
ERR Zou/6x6_2_2_272 grad: BoundsError([Inf Inf Inf Inf 0.01 0.0; Inf Inf Inf Inf 1.02 0.01; Inf Inf Inf Inf Inf 0.02; Inf Inf Inf Inf Inf Inf; Inf Inf Inf Inf Inf Inf; Inf Inf Inf Inf Inf Inf], (2, 7))
ERR Zou/6x6_2_2_273 orig: BoundsError([0.05 0.04 0.03 0.02 0.01 0.0; 1.06 1.05 1.04 1.03 1.02 Inf; 1.07 1.06 1.05 Inf Inf 3.0899999999999994; 1.08 1.07 1.06 2.07 2.0799999999999996 2.0899999999999994; 1.09 1.08 1.07 2.08 3.0899999999999994 3.099999999999999; 1.1 1.09 1.08 2.09 Inf Inf], (4, 7))
ERR Zou/6x6_2_2_282 orig: BoundsError([0.05 0.04 0.03 0.02 0.01 0.0; 1.06 1.05 1.04 1.03 1.02 Inf; 2.07 1.06 1.05 1.04 Inf 3.0999999999999996; 2.08 1.07 1.06 Inf Inf 3.0999999999999996; 2.09 1.08 1.07 2.08 2.09 2.0999999999999996; 2.0999999999999996 1.09 1.08 2.09 3.0999999999999996 3.1099999999999994], (5, 7))
ERR Zou/6x6_2_2_286 orig: BoundsError([0.05 0.04 0.03 0.02 0.01 0.0; 1.06 1.05 1.04 1.03 1.02 Inf; Inf Inf Inf 2.04 1.03 Inf; Inf Inf Inf 2.05 1.04 Inf; Inf Inf Inf 2.0599999999999996 1.05 Inf; Inf Inf Inf 2.07 1.06 2.07], (6, 7))
ERR Zou/6x6_2_2_287 orig: BoundsError([0.05 0.04 0.03 0.02 0.01 0.0; 1.06 1.05 1.04 1.03 1.02 0.01; Inf 1.06 1.05 1.04 1.03 0.02; Inf Inf 2.0599999999999996 1.05 Inf Inf; Inf Inf 2.07 1.06 2.07 Inf; Inf Inf 2.08 1.07 2.08 2.09], (6, 7))
ERR Zou/6x6_2_2_287 grad: BoundsError([0.05 0.04 0.03 0.02 0.01 0.0; 1.06 1.05 1.04 1.03 1.02 0.01; 1.07 1.06 1.05 1.04 1.03 0.02; 1.08 1.07 1.06 1.05 Inf Inf; 1.09 1.08 1.07 Inf Inf Inf; 1.1 1.09 1.08 Inf Inf Inf], (5, 7))
Warning: reached iteration limit without completing all items. Check for potential issues.
ERR Zou/6x6_2_2_301 orig: BoundsError([0.05 0.04 0.03 0.02 0.01 0.0; 1.06 1.05 1.04 1.03 1.02 0.01; 1.07 1.06 1.05 1.04 1.03 Inf; 1.08 1.07 1.06 1.05 Inf 3.129999999999999; 1.09 1.08 1.07 Inf Inf 3.119999999999999; 1.1 1.09 1.08 2.09 2.0999999999999996 2.1099999999999994], (4, 7))
ERR Zou/6x6_2_2_305 orig: BoundsError([0.05 0.04 0.03 0.02 0.01 0.0; 1.06 1.05 1.04 1.03 1.02 Inf; Inf 2.0599999999999996 1.05 1.04 Inf 3.0799999999999996; Inf 2.07 1.06 1.05 Inf 3.0799999999999996; Inf 2.08 1.07 1.06 2.07 2.0799999999999996; Inf 2.09 1.08 1.07 2.08 3.0899999999999994], (5, 7))
ERR Zou/6x6_2_2_306 orig: BoundsError([0.05 0.04 0.03 0.02 0.01 0.0; 1.06 1.05 1.04 1.03 Inf Inf; Inf 2.0599999999999996 1.05 1.04 2.05 3.1099999999999994; Inf 2.07 1.06 Inf Inf 3.1099999999999994; Inf 2.08 1.07 Inf 3.1099999999999994 3.1099999999999994; Inf 2.09 1.08 2.09 2.0999999999999996 2.1099999999999994], (6, 7))
ERR Zou/6x6_2_2_315 orig: BoundsError([0.05 0.04 0.03 0.02 0.01 0.0; Inf Inf 1.04 1.03 1.02 Inf; Inf 2.0599999999999996 1.05 1.04 1.03 2.04; Inf 2.07 1.06 1.05 1.04 2.05; Inf Inf 1.07 1.06 1.05 2.0599999999999996; Inf Inf Inf 1.07 1.06 2.07], (3, 7))
Warning: reached iteration limit without completing all items. Check for potential issues.
ERR Zou/6x6_2_2_322 orig: BoundsError([0.05 0.04 0.03 0.02 0.01 0.0; 1.06 1.05 1.04 1.03 Inf Inf; Inf 2.0599999999999996 1.05 1.04 2.05 3.0799999999999996; Inf 2.07 1.06 1.05 2.0599999999999996 Inf; Inf 2.08 1.07 1.06 2.07 2.0799999999999996; Inf 2.09 1.08 1.07 2.08 3.0899999999999994], (5, 7))
ERR Zou/6x6_2_2_332 orig: BoundsError([0.05 0.04 0.03 0.02 0.01 0.0; 1.06 1.05 1.04 1.03 1.02 Inf; Inf Inf Inf 1.04 1.03 2.04; Inf Inf 2.0599999999999996 1.05 Inf 3.05; Inf Inf 2.07 1.06 Inf Inf; Inf Inf Inf 1.07 Inf Inf], (3, 7))
ERR Zou/6x6_2_2_333 orig: BoundsError([0.05 0.04 0.03 0.02 0.01 0.0; Inf 1.05 1.04 Inf 1.02 Inf; Inf 2.0599999999999996 1.05 2.04 1.03 2.04; Inf 2.07 1.06 2.05 1.04 2.05; Inf Inf 1.07 2.0599999999999996 1.05 2.0599999999999996; Inf Inf Inf 2.07 1.06 2.07], (3, 7))
ERR Zou/6x6_2_2_337 orig: BoundsError([0.05 0.04 0.03 0.02 0.01 0.0; 1.06 1.05 1.04 1.03 Inf Inf; Inf 2.0599999999999996 1.05 1.04 Inf 3.0799999999999996; Inf 2.07 1.06 1.05 Inf 3.0799999999999996; Inf 2.08 1.07 1.06 2.07 2.0799999999999996; Inf 2.09 1.08 1.07 2.08 3.0899999999999994], (5, 7))
ERR Zou/6x6_2_2_354 orig: BoundsError([Inf Inf Inf Inf 0.01 0.0; Inf Inf Inf Inf Inf 0.01; Inf Inf Inf Inf Inf 0.02; Inf Inf Inf Inf Inf Inf; Inf Inf Inf Inf Inf Inf; Inf Inf Inf Inf Inf Inf], (2, 7))
ERR Zou/6x6_2_2_354 grad: BoundsError([Inf Inf Inf Inf 0.01 0.0; Inf Inf Inf Inf Inf 0.01; Inf Inf Inf Inf Inf 0.02; Inf Inf Inf Inf Inf Inf; Inf Inf Inf Inf Inf Inf; Inf Inf Inf Inf Inf Inf], (2, 7))
ERR Zou/6x6_2_2_362 orig: BoundsError([Inf Inf Inf Inf Inf 0.0; Inf Inf Inf Inf Inf Inf; Inf Inf Inf Inf Inf Inf; Inf Inf Inf Inf Inf Inf; Inf Inf Inf Inf Inf Inf; Inf Inf Inf Inf Inf Inf], (3, 7))
ERR Zou/6x6_2_2_362 grad: BoundsError([Inf Inf Inf Inf Inf 0.0; Inf Inf Inf Inf Inf Inf; Inf Inf Inf Inf Inf Inf; Inf Inf Inf Inf Inf Inf; Inf Inf Inf Inf Inf Inf; Inf Inf Inf Inf Inf Inf], (3, 7))
ERR Zou/6x6_2_2_377 orig: BoundsError([0.05 0.04 0.03 0.02 0.01 0.0; 1.06 1.05 1.04 1.03 Inf Inf; Inf 2.0599999999999996 1.05 1.04 Inf 3.0799999999999996; Inf 2.07 1.06 1.05 2.0599999999999996 3.0799999999999996; Inf 2.08 1.07 1.06 2.07 2.0799999999999996; Inf 2.09 1.08 1.07 2.08 3.0899999999999994], (5, 7))
ERR Zou/6x6_2_2_379 orig: BoundsError([0.05 0.04 0.03 0.02 0.01 0.0; 1.06 1.05 1.04 1.03 1.02 0.01; Inf 1.06 1.05 Inf Inf Inf; 2.08 1.07 1.06 2.07 2.0799999999999996 2.0899999999999994; 2.09 1.08 1.07 2.08 3.0899999999999994 3.099999999999999; 2.0999999999999996 1.09 1.08 2.09 Inf Inf], (4, 7))
ERR Zou/6x6_2_2_400 orig: BoundsError([0.05 0.04 0.03 0.02 0.01 0.0; 1.06 1.05 1.04 1.03 Inf Inf; 2.07 1.06 1.05 1.04 Inf 3.0699999999999994; 2.08 1.07 1.06 1.05 2.0599999999999996 2.0699999999999994; 2.09 1.08 1.07 1.06 2.07 3.079999999999999; Inf 1.09 1.08 1.07 2.08 Inf], (4, 7))
  [1400/3000]
ERR Zou/6x6_2_2_410 orig: BoundsError([0.05 0.04 0.03 0.02 0.01 0.0; 1.06 1.05 1.04 1.03 Inf Inf; Inf Inf 2.05 1.04 2.05 3.09; Inf Inf 2.0599999999999996 1.05 2.0599999999999996 3.09; Inf Inf 2.07 1.06 2.07 Inf; Inf Inf Inf 1.07 2.08 2.09], (6, 7))
ERR Zou/6x6_2_2_416 orig: BoundsError([0.05 0.04 0.03 0.02 0.01 0.0; 1.06 1.05 1.04 1.03 1.02 0.01; Inf Inf Inf Inf 1.03 0.02; Inf 1.07 1.06 1.05 1.04 0.03; Inf Inf 2.07 2.0599999999999996 1.05 Inf; Inf Inf Inf 2.07 1.06 2.07], (6, 7))
ERR Zou/6x6_2_2_422 orig: BoundsError([0.05 0.04 0.03 0.02 0.01 0.0; 1.06 1.05 1.04 1.03 1.02 0.01; Inf 2.0599999999999996 1.05 Inf 1.03 Inf; Inf 2.07 1.06 Inf 1.04 2.05; Inf 2.08 1.07 2.0599999999999996 1.05 2.0599999999999996; Inf Inf 1.08 2.07 1.06 2.07], (4, 7))
ERR Zou/6x6_2_2_425 orig: BoundsError([0.05 0.04 0.03 0.02 0.01 0.0; 1.06 1.05 1.04 1.03 1.02 Inf; Inf 2.0599999999999996 1.05 1.04 Inf Inf; Inf 2.07 1.06 Inf Inf 3.1099999999999994; Inf 2.08 1.07 2.08 3.1099999999999994 3.1099999999999994; Inf 2.09 1.08 2.09 2.0999999999999996 2.1099999999999994], (6, 7))
ERR Zou/6x6_2_2_442 orig: BoundsError([Inf Inf Inf Inf Inf 0.0; Inf Inf Inf Inf 1.02 0.01; Inf Inf Inf Inf Inf 0.02; Inf Inf Inf Inf Inf Inf; Inf Inf Inf Inf Inf Inf; Inf Inf Inf Inf Inf Inf], (2, 7))
ERR Zou/6x6_2_2_469 orig: BoundsError([0.05 0.04 0.03 0.02 0.01 0.0; 1.06 1.05 1.04 1.03 Inf Inf; Inf 2.0599999999999996 1.05 1.04 2.05 3.0799999999999996; Inf 2.07 1.06 1.05 2.0599999999999996 Inf; Inf 2.08 1.07 1.06 2.07 2.0799999999999996; Inf 2.09 1.08 1.07 2.08 3.0899999999999994], (5, 7))
ERR Zou/6x6_2_2_473 orig: BoundsError([0.05 0.04 0.03 0.02 0.01 0.0; 1.06 1.05 1.04 1.03 Inf Inf; 2.07 1.06 1.05 1.04 Inf 3.0999999999999996; 2.08 1.07 1.06 Inf 3.0999999999999996 3.0999999999999996; 2.09 1.08 1.07 2.08 2.09 2.0999999999999996; 2.0999999999999996 1.09 1.08 2.09 3.0999999999999996 3.1099999999999994], (5, 7))
ERR Zou/6x6_2_2_484 orig: BoundsError([Inf Inf Inf Inf Inf 0.0; Inf Inf Inf Inf 1.02 0.01; Inf Inf Inf Inf Inf 0.02; Inf Inf Inf Inf Inf Inf; Inf Inf Inf Inf Inf Inf; Inf Inf Inf Inf Inf Inf], (2, 7))
ERR Zou/6x6_2_2_489 orig: BoundsError([0.05 0.04 0.03 0.02 0.01 0.0; 1.06 1.05 1.04 1.03 1.02 0.01; 1.07 1.06 1.05 1.04 1.03 0.02; 1.08 1.07 1.06 1.05 1.04 0.03; 2.09 2.08 1.07 Inf Inf Inf; Inf 2.09 1.08 2.09 2.0999999999999996 2.1099999999999994], (6, 7))
ERR Zou/6x6_2_2_492 orig: BoundsError([0.05 0.04 0.03 0.02 0.01 0.0; 1.06 1.05 1.04 1.03 Inf Inf; Inf 1.06 1.05 1.04 2.05 2.0599999999999996; 2.08 1.07 1.06 1.05 2.0599999999999996 3.0699999999999994; Inf 1.08 1.07 1.06 2.07 Inf; Inf Inf 1.08 1.07 2.08 Inf], (3, 7))
ERR Zou/6x6_2_2_497 orig: BoundsError([Inf Inf Inf Inf Inf 0.0; Inf Inf Inf Inf 1.02 0.01; Inf Inf Inf Inf Inf 0.02; Inf Inf Inf Inf Inf Inf; Inf Inf Inf Inf Inf Inf; Inf Inf Inf Inf Inf Inf], (2, 7))
ERR Zou/6x6_2_2_497 grad: BoundsError([Inf Inf Inf Inf Inf 0.0; Inf Inf Inf Inf 1.02 0.01; Inf Inf Inf Inf Inf 0.02; Inf Inf Inf Inf Inf Inf; Inf Inf Inf Inf Inf Inf; Inf Inf Inf Inf Inf Inf], (2, 7))
ERR Zou/6x6_2_2_507 orig: BoundsError([0.05 0.04 0.03 0.02 0.01 0.0; 1.06 1.05 1.04 1.03 1.02 0.01; Inf Inf 1.05 1.04 1.03 0.02; Inf Inf 1.06 1.05 1.04 0.03; Inf Inf 2.07 2.0599999999999996 1.05 Inf; Inf Inf Inf 2.07 1.06 2.07], (6, 7))
ERR Zou/6x6_2_2_512 orig: BoundsError([0.05 0.04 0.03 0.02 0.01 0.0; 1.06 1.05 1.04 1.03 1.02 0.01; Inf Inf 1.05 1.04 1.03 0.02; Inf Inf Inf Inf 1.04 Inf; Inf Inf Inf 2.0599999999999996 1.05 Inf; Inf Inf Inf 2.07 1.06 2.07], (6, 7))
ERR Zou/6x6_2_2_517 orig: BoundsError([0.05 0.04 0.03 0.02 0.01 0.0; 1.06 1.05 1.04 1.03 Inf 0.01; 1.07 1.06 1.05 1.04 Inf 0.02; 1.08 1.07 1.06 1.05 2.0599999999999996 Inf; 1.09 1.08 1.07 1.06 2.07 Inf; 1.1 1.09 1.08 1.07 2.08 2.09], (6, 7))
ERR Zou/6x6_2_2_531 orig: BoundsError([Inf Inf Inf Inf Inf 0.0; Inf Inf Inf Inf 1.02 0.01; Inf Inf Inf Inf Inf 0.02; Inf Inf Inf Inf Inf Inf; Inf Inf Inf Inf Inf Inf; Inf Inf Inf Inf Inf Inf], (2, 7))
ERR Zou/6x6_2_2_539 orig: BoundsError([0.05 0.04 0.03 0.02 0.01 0.0; Inf 1.05 1.04 1.03 1.02 0.01; Inf Inf 1.05 1.04 1.03 Inf; Inf 2.07 1.06 1.05 1.04 2.05; Inf 2.08 1.07 1.06 1.05 2.0599999999999996; Inf Inf 1.08 1.07 1.06 2.07], (4, 7))
ERR Zou/6x6_2_2_545 orig: BoundsError([0.05 0.04 0.03 0.02 0.01 0.0; 1.06 1.05 1.04 1.03 1.02 Inf; Inf 2.0599999999999996 1.05 1.04 1.03 2.04; Inf 2.07 1.06 1.05 1.04 2.05; Inf Inf 1.07 1.06 1.05 2.0599999999999996; Inf Inf Inf Inf Inf Inf], (3, 7))
ERR Zou/6x6_2_2_550 orig: BoundsError([0.05 0.04 0.03 0.02 0.01 0.0; 1.06 Inf Inf 1.03 1.02 0.01; Inf Inf 1.05 1.04 1.03 0.02; Inf 1.07 1.06 1.05 1.04 0.03; Inf Inf Inf 2.0599999999999996 1.05 Inf; Inf Inf Inf 2.07 1.06 2.07], (6, 7))
ERR Zou/6x6_2_2_553 orig: BoundsError([0.05 0.04 0.03 0.02 0.01 0.0; 1.06 1.05 1.04 1.03 Inf 0.01; 1.07 1.06 1.05 1.04 1.03 0.02; 1.08 1.07 1.06 1.05 Inf Inf; 1.09 1.08 1.07 1.06 2.07 Inf; 1.1 1.09 1.08 1.07 2.08 2.09], (6, 7))
ERR Zou/6x6_2_2_560 orig: BoundsError([0.05 0.04 0.03 0.02 0.01 0.0; 1.06 1.05 1.04 1.03 Inf Inf; 2.07 1.06 1.05 1.04 Inf 3.0999999999999996; 2.08 1.07 1.06 Inf 3.0999999999999996 3.0999999999999996; 2.09 1.08 1.07 2.08 2.09 2.0999999999999996; 2.0999999999999996 1.09 1.08 2.09 3.0999999999999996 3.1099999999999994], (5, 7))
ERR Zou/6x6_2_2_562 orig: BoundsError([Inf Inf Inf Inf 0.01 0.0; Inf Inf Inf Inf 1.02 0.01; Inf Inf Inf Inf Inf 0.02; Inf Inf Inf Inf Inf Inf; Inf Inf Inf Inf Inf Inf; Inf Inf Inf Inf Inf Inf], (2, 7))
ERR Zou/6x6_2_2_570 orig: BoundsError([0.05 0.04 0.03 0.02 0.01 0.0; 1.06 1.05 1.04 Inf Inf Inf; 1.07 1.06 1.05 2.0599999999999996 3.0899999999999994 Inf; 1.08 1.07 1.06 2.07 2.0799999999999996 2.0899999999999994; 1.09 1.08 1.07 2.08 3.0899999999999994 3.099999999999999; 1.1 1.09 1.08 2.09 Inf Inf], (4, 7))
ERR Zou/6x6_2_2_588 orig: BoundsError([2.07 2.0599999999999996 2.05 2.04 Inf 0.0; 1.06 1.05 1.04 1.03 1.02 0.01; 2.07 2.0599999999999996 2.05 2.04 Inf Inf; 2.0799999999999996 2.0699999999999994 2.0599999999999996 2.05 Inf 4.079999999999999; 2.0899999999999994 2.079999999999999 2.0699999999999994 2.0599999999999996 3.0699999999999994 3.079999999999999; 2.099999999999999 2.089999999999999 2.079999999999999 2.0699999999999994 3.079999999999999 3.089999999999999], (5, 7))
  [1600/3000]
ERR Zou/6x6_2_2_602 orig: BoundsError([0.05 0.04 0.03 0.02 0.01 0.0; 1.06 1.05 1.04 1.03 1.02 0.01; Inf Inf 2.05 1.04 1.03 Inf; Inf Inf 2.0599999999999996 1.05 1.04 Inf; Inf Inf 2.07 1.06 Inf Inf; Inf Inf 2.08 1.07 2.08 2.09], (6, 7))
ERR Zou/6x6_2_2_612 orig: BoundsError([0.05 0.04 0.03 0.02 0.01 0.0; 1.06 1.05 1.04 1.03 Inf Inf; 1.07 1.06 1.05 Inf 3.0899999999999994 Inf; 1.08 1.07 1.06 2.07 2.0799999999999996 2.0899999999999994; 1.09 1.08 1.07 2.08 3.0899999999999994 3.099999999999999; 1.1 1.09 1.08 2.09 Inf Inf], (4, 7))
ERR Zou/6x6_2_2_623 orig: BoundsError([0.05 0.04 0.03 0.02 0.01 0.0; 1.06 1.05 1.04 1.03 1.02 0.01; Inf Inf 2.05 1.04 Inf Inf; Inf Inf 2.0599999999999996 1.05 Inf 3.09; Inf Inf 2.07 1.06 2.07 3.09; Inf Inf 2.08 1.07 2.08 2.09], (6, 7))
ERR Zou/6x6_2_2_634 orig: BoundsError([Inf Inf Inf Inf Inf 0.0; Inf Inf Inf Inf 1.02 0.01; Inf Inf Inf Inf Inf 0.02; Inf Inf Inf Inf Inf Inf; Inf Inf Inf Inf Inf Inf; Inf Inf Inf Inf Inf Inf], (2, 7))
ERR Zou/6x6_2_2_635 orig: BoundsError([0.05 0.04 0.03 0.02 0.01 0.0; 1.06 1.05 1.04 1.03 Inf Inf; 2.07 1.06 1.05 1.04 Inf 3.0999999999999996; 2.08 1.07 1.06 Inf 3.0999999999999996 3.0999999999999996; 2.09 1.08 1.07 2.08 2.09 2.0999999999999996; 2.0999999999999996 1.09 1.08 2.09 3.0999999999999996 3.1099999999999994], (5, 7))
ERR Zou/6x6_2_2_645 orig: BoundsError([0.05 0.04 0.03 0.02 0.01 0.0; 1.06 1.05 1.04 1.03 1.02 0.01; 1.07 1.06 1.05 1.04 Inf Inf; 1.08 1.07 1.06 Inf Inf 3.1099999999999994; 1.09 1.08 1.07 2.08 2.09 2.0999999999999996; 1.1 1.09 1.08 2.09 2.0999999999999996 2.1099999999999994], (4, 7))
ERR Zou/6x6_2_2_647 orig: BoundsError([0.05 0.04 0.03 0.02 0.01 0.0; 1.06 1.05 1.04 1.03 1.02 0.01; Inf Inf Inf Inf 1.03 0.02; Inf Inf Inf Inf 1.04 0.03; Inf Inf Inf 2.0599999999999996 1.05 Inf; Inf Inf Inf 2.07 1.06 2.07], (6, 7))
ERR Zou/6x6_2_2_650 orig: BoundsError([0.05 0.04 0.03 0.02 0.01 0.0; 1.06 1.05 1.04 1.03 1.02 0.01; Inf Inf Inf 1.04 1.03 0.02; Inf Inf Inf 1.05 1.04 Inf; Inf Inf 2.07 1.06 1.05 2.0599999999999996; Inf Inf 2.08 1.07 1.06 2.07], (5, 7))
ERR Zou/6x6_2_2_658 orig: BoundsError([0.05 0.04 0.03 0.02 0.01 0.0; 1.06 1.05 Inf 1.03 1.02 0.01; Inf 1.06 1.05 1.04 1.03 0.02; Inf Inf Inf 1.05 1.04 Inf; Inf Inf 2.07 1.06 1.05 2.0599999999999996; Inf Inf 2.08 1.07 1.06 2.07], (5, 7))
ERR Zou/6x6_2_2_660 orig: BoundsError([Inf Inf Inf Inf Inf 0.0; Inf Inf Inf Inf 1.02 0.01; Inf Inf Inf Inf Inf 0.02; Inf Inf Inf Inf Inf Inf; Inf Inf Inf Inf Inf Inf; Inf Inf Inf Inf Inf Inf], (2, 7))
ERR Zou/6x6_2_2_660 grad: BoundsError([Inf Inf Inf Inf Inf 0.0; Inf Inf Inf Inf 1.02 0.01; Inf Inf Inf Inf Inf 0.02; Inf Inf Inf Inf Inf Inf; Inf Inf Inf Inf Inf Inf; Inf Inf Inf Inf Inf Inf], (2, 7))
ERR Zou/6x6_2_2_666 orig: BoundsError([0.05 0.04 0.03 0.02 0.01 0.0; 1.06 1.05 1.04 1.03 1.02 0.01; Inf 1.06 1.05 1.04 1.03 0.02; Inf Inf 2.0599999999999996 1.05 1.04 Inf; Inf Inf 2.07 1.06 1.05 2.0599999999999996; Inf Inf 2.08 1.07 1.06 2.07], (5, 7))
ERR Zou/6x6_2_2_677 orig: BoundsError([0.05 0.04 0.03 0.02 0.01 0.0; 1.06 1.05 1.04 Inf 1.02 Inf; Inf 2.0599999999999996 1.05 2.04 1.03 Inf; Inf 2.07 1.06 2.05 1.04 2.05; Inf 2.08 1.07 2.0599999999999996 1.05 2.0599999999999996; Inf Inf 1.08 2.07 1.06 2.07], (4, 7))
ERR Zou/6x6_2_2_682 orig: BoundsError([Inf Inf Inf Inf 0.01 0.0; Inf Inf Inf Inf 1.02 0.01; Inf Inf Inf Inf Inf 0.02; Inf Inf Inf Inf Inf Inf; Inf Inf Inf Inf Inf Inf; Inf Inf Inf Inf Inf Inf], (2, 7))
ERR Zou/6x6_2_2_686 orig: BoundsError([0.05 0.04 0.03 0.02 0.01 0.0; 1.06 1.05 1.04 Inf 1.02 Inf; Inf 2.0599999999999996 1.05 2.04 1.03 2.04; Inf Inf Inf Inf 1.04 2.05; Inf Inf Inf 2.0599999999999996 1.05 2.0599999999999996; Inf Inf Inf 2.07 1.06 2.07], (3, 7))
ERR Zou/6x6_2_2_690 orig: BoundsError([0.05 0.04 0.03 0.02 0.01 0.0; 1.06 1.05 1.04 1.03 1.02 0.01; Inf 2.0599999999999996 1.05 1.04 1.03 Inf; Inf 2.07 1.06 1.05 1.04 2.05; Inf 2.08 1.07 Inf Inf Inf; Inf Inf 1.08 Inf Inf Inf], (4, 7))
ERR Zou/6x6_2_2_695 orig: BoundsError([0.05 0.04 0.03 0.02 0.01 0.0; 1.06 1.05 1.04 1.03 1.02 Inf; 2.07 1.06 1.05 Inf Inf 3.0999999999999996; 2.08 1.07 1.06 Inf 3.0999999999999996 3.0999999999999996; 2.09 1.08 1.07 2.08 2.09 2.0999999999999996; 2.0999999999999996 1.09 1.08 2.09 3.0999999999999996 3.1099999999999994], (5, 7))
ERR Zou/6x6_2_2_696 orig: BoundsError([0.05 0.04 0.03 0.02 0.01 0.0; 1.06 1.05 1.04 1.03 1.02 0.01; Inf 1.06 1.05 1.04 1.03 0.02; Inf Inf 2.0599999999999996 Inf 1.04 Inf; Inf Inf Inf Inf 1.05 2.0599999999999996; Inf Inf Inf 2.07 1.06 2.07], (5, 7))
ERR Zou/6x6_2_2_697 orig: BoundsError([0.05 0.04 0.03 0.02 0.01 0.0; 1.06 1.05 1.04 1.03 1.02 Inf; Inf 2.0599999999999996 1.05 1.04 Inf Inf; Inf 2.07 1.06 1.05 2.0599999999999996 3.0799999999999996; Inf Inf Inf 1.06 2.07 2.0799999999999996; Inf Inf 2.08 1.07 2.08 3.0899999999999994], (5, 7))
ERR Zou/6x6_2_2_698 orig: BoundsError([0.05 0.04 0.03 0.02 0.01 0.0; 1.06 1.05 1.04 1.03 1.02 0.01; Inf 2.0599999999999996 1.05 1.04 Inf Inf; Inf 2.07 1.06 1.05 Inf 3.0799999999999996; Inf 2.08 1.07 1.06 2.07 2.0799999999999996; Inf 2.09 1.08 1.07 2.08 3.0899999999999994], (5, 7))
Warning: reached iteration limit without completing all items. Check for potential issues.
Warning: reached iteration limit without completing all items. Check for potential issues.
ERR Zou/6x6_2_2_736 orig: BoundsError([Inf Inf Inf Inf 0.01 0.0; Inf Inf Inf Inf Inf 0.01; Inf Inf Inf Inf Inf 0.02; Inf Inf Inf Inf Inf Inf; Inf Inf Inf Inf Inf Inf; Inf Inf Inf Inf Inf Inf], (2, 7))
ERR Zou/6x6_2_2_736 grad: BoundsError([Inf Inf Inf Inf 0.01 0.0; Inf Inf Inf Inf Inf 0.01; Inf Inf Inf Inf Inf 0.02; Inf Inf Inf Inf Inf Inf; Inf Inf Inf Inf Inf Inf; Inf Inf Inf Inf Inf Inf], (2, 7))
ERR Zou/6x6_2_2_750 orig: BoundsError([2.07 2.0599999999999996 2.05 Inf 0.01 0.0; 1.06 1.05 1.04 1.03 1.02 0.01; 2.07 2.0599999999999996 2.05 2.04 Inf Inf; 3.079999999999999 2.0699999999999994 2.0599999999999996 2.05 Inf 4.079999999999999; 3.089999999999999 2.079999999999999 2.0699999999999994 2.0599999999999996 3.0699999999999994 3.079999999999999; 3.0999999999999988 2.089999999999999 2.079999999999999 2.0699999999999994 3.079999999999999 4.089999999999999], (5, 7))
ERR Zou/6x6_2_2_753 grad: BoundsError([Inf Inf Inf Inf 0.01 0.0; Inf Inf Inf Inf 1.02 0.01; Inf Inf Inf Inf Inf 0.02; Inf Inf Inf Inf Inf Inf; Inf Inf Inf Inf Inf Inf; Inf Inf Inf Inf Inf Inf], (2, 7))
ERR Zou/6x6_2_2_754 orig: BoundsError([0.05 0.04 0.03 0.02 0.01 0.0; 1.06 1.05 1.04 1.03 1.02 0.01; Inf 2.0599999999999996 1.05 1.04 Inf Inf; Inf 2.07 1.06 1.05 Inf 3.0799999999999996; Inf 2.08 1.07 1.06 2.07 2.0799999999999996; Inf 2.09 1.08 1.07 2.08 3.0899999999999994], (5, 7))
ERR Zou/6x6_2_2_755 orig: BoundsError([3.0699999999999994 2.0599999999999996 2.05 2.04 Inf 0.0; Inf 1.05 1.04 1.03 1.02 0.01; 1.07 1.06 1.05 1.04 1.03 0.02; 1.08 1.07 1.06 1.05 1.04 0.03; 1.09 1.08 1.07 1.06 1.05 0.04; 1.1 1.09 1.08 1.07 1.06 0.05], (6, 7))
ERR Zou/6x6_2_2_755 grad: BoundsError([3.0699999999999994 2.0599999999999996 2.05 2.04 Inf 0.0; Inf 1.05 1.04 1.03 1.02 0.01; 1.07 1.06 1.05 1.04 1.03 0.02; 1.08 1.07 1.06 1.05 1.04 0.03; 1.09 1.08 1.07 1.06 1.05 0.04; 1.1 1.09 1.08 1.07 1.06 0.05], (6, 7))
ERR Zou/6x6_2_2_765 orig: BoundsError([0.05 0.04 0.03 0.02 0.01 0.0; 1.06 1.05 Inf 1.03 Inf Inf; 2.07 1.06 Inf 1.04 2.05 3.0699999999999994; 2.08 1.07 2.0599999999999996 1.05 2.0599999999999996 2.0699999999999994; 2.09 1.08 2.07 1.06 2.07 3.079999999999999; Inf 1.09 2.08 1.07 2.08 Inf], (4, 7))
ERR Zou/6x6_2_2_773 orig: BoundsError([0.05 0.04 0.03 0.02 0.01 0.0; 1.06 1.05 1.04 1.03 1.02 0.01; Inf Inf 2.05 1.04 Inf Inf; Inf Inf 2.0599999999999996 1.05 2.0599999999999996 3.09; Inf Inf 2.07 1.06 2.07 3.09; Inf Inf Inf 1.07 2.08 2.09], (6, 7))
ERR Zou/6x6_2_2_773 grad: BoundsError([0.05 0.04 0.03 0.02 0.01 0.0; 1.06 1.05 1.04 1.03 1.02 0.01; Inf Inf 2.05 1.04 Inf Inf; Inf Inf 2.0599999999999996 1.05 2.0599999999999996 3.09; Inf Inf 2.07 1.06 2.07 3.09; Inf Inf Inf 1.07 2.08 2.09], (6, 7))
ERR Zou/6x6_2_2_774 orig: BoundsError([Inf Inf Inf Inf 0.01 0.0; Inf Inf Inf Inf Inf 0.01; Inf Inf Inf Inf Inf 0.02; Inf Inf Inf Inf Inf Inf; Inf Inf Inf Inf Inf Inf; Inf Inf Inf Inf Inf Inf], (2, 7))
ERR Zou/6x6_2_2_774 grad: BoundsError([Inf Inf Inf Inf 0.01 0.0; Inf Inf Inf Inf Inf 0.01; Inf Inf Inf Inf Inf 0.02; Inf Inf Inf Inf Inf Inf; Inf Inf Inf Inf Inf Inf; Inf Inf Inf Inf Inf Inf], (2, 7))
ERR Zou/6x6_2_2_782 orig: BoundsError([0.05 0.04 0.03 0.02 0.01 0.0; 1.06 1.05 1.04 1.03 1.02 Inf; Inf 2.0599999999999996 1.05 Inf 1.03 2.04; Inf 2.07 1.06 Inf 1.04 2.05; Inf 2.08 1.07 Inf 1.05 2.0599999999999996; Inf Inf 1.08 2.07 1.06 2.07], (4, 7))
ERR Zou/6x6_2_2_791 orig: BoundsError([Inf Inf Inf 0.02 0.01 0.0; Inf Inf 1.04 1.03 1.02 0.01; Inf 1.06 1.05 1.04 1.03 0.02; Inf Inf 2.0599999999999996 Inf 1.04 Inf; Inf Inf Inf 2.0599999999999996 1.05 2.0599999999999996; Inf Inf Inf 2.07 1.06 2.07], (5, 7))
  [1800/3000]
ERR Zou/6x6_2_2_801 grad: BoundsError([Inf Inf Inf Inf 0.01 0.0; Inf Inf Inf Inf 1.02 0.01; Inf Inf Inf Inf Inf 0.02; Inf Inf Inf Inf Inf Inf; Inf Inf Inf Inf Inf Inf; Inf Inf Inf Inf Inf Inf], (2, 7))
ERR Zou/6x6_2_2_808 orig: BoundsError([0.05 0.04 0.03 0.02 0.01 0.0; 1.06 1.05 1.04 1.03 1.02 0.01; 2.07 1.06 1.05 Inf Inf Inf; 2.08 1.07 1.06 2.07 Inf 3.0999999999999996; 2.09 1.08 1.07 2.08 2.09 2.0999999999999996; 2.0999999999999996 1.09 1.08 2.09 3.0999999999999996 3.1099999999999994], (5, 7))
ERR Zou/6x6_2_2_809 orig: BoundsError([0.05 0.04 0.03 0.02 0.01 0.0; 1.06 1.05 1.04 1.03 1.02 Inf; Inf 2.0599999999999996 1.05 1.04 Inf Inf; Inf 2.07 1.06 1.05 Inf 3.0799999999999996; Inf 2.08 1.07 1.06 2.07 2.0799999999999996; Inf 2.09 1.08 1.07 2.08 3.0899999999999994], (5, 7))
ERR Zou/6x6_2_2_814 orig: BoundsError([0.05 0.04 0.03 0.02 0.01 0.0; 1.06 1.05 1.04 1.03 1.02 0.01; Inf Inf 1.05 1.04 1.03 0.02; Inf Inf 2.0599999999999996 1.05 Inf Inf; Inf Inf 2.07 1.06 2.07 Inf; Inf Inf 2.08 1.07 2.08 2.09], (6, 7))
ERR Zou/6x6_2_2_815 orig: BoundsError([0.05 0.04 0.03 0.02 0.01 0.0; 1.06 1.05 1.04 1.03 1.02 Inf; Inf 2.0599999999999996 1.05 Inf 1.03 2.04; Inf 2.07 1.06 Inf 1.04 2.05; Inf Inf 1.07 2.0599999999999996 1.05 2.0599999999999996; Inf Inf Inf 2.07 1.06 2.07], (3, 7))
ERR Zou/6x6_2_2_824 orig: BoundsError([0.05 0.04 0.03 0.02 0.01 0.0; 1.06 1.05 1.04 Inf Inf Inf; 1.07 1.06 1.05 2.0599999999999996 Inf 3.0899999999999994; 1.08 1.07 1.06 2.07 2.0799999999999996 2.0899999999999994; 1.09 1.08 1.07 2.08 3.0899999999999994 3.099999999999999; 1.1 1.09 1.08 2.09 Inf Inf], (4, 7))
ERR Zou/6x6_2_2_827 orig: BoundsError([0.05 0.04 0.03 0.02 0.01 0.0; 1.06 1.05 1.04 1.03 1.02 0.01; 1.07 1.06 1.05 1.04 1.03 0.02; Inf 2.07 1.06 Inf Inf Inf; Inf 2.08 1.07 Inf 3.1099999999999994 3.1099999999999994; Inf 2.09 1.08 2.09 2.0999999999999996 2.1099999999999994], (6, 7))
ERR Zou/6x6_2_2_831 orig: BoundsError([0.05 0.04 0.03 0.02 0.01 0.0; 1.06 1.05 1.04 1.03 1.02 0.01; Inf 2.0599999999999996 1.05 1.04 1.03 Inf; Inf 2.07 1.06 1.05 1.04 2.05; Inf 2.08 1.07 Inf Inf Inf; Inf Inf 1.08 Inf Inf Inf], (4, 7))
ERR Zou/6x6_2_2_847 orig: BoundsError([Inf Inf Inf Inf 0.01 0.0; Inf Inf Inf Inf 1.02 0.01; Inf Inf Inf Inf Inf 0.02; Inf Inf Inf Inf Inf Inf; Inf Inf Inf Inf Inf Inf; Inf Inf Inf Inf Inf Inf], (2, 7))
ERR Zou/6x6_2_2_847 grad: BoundsError([Inf Inf Inf Inf 0.01 0.0; Inf Inf Inf Inf 1.02 0.01; Inf Inf Inf Inf Inf 0.02; Inf Inf Inf Inf Inf Inf; Inf Inf Inf Inf Inf Inf; Inf Inf Inf Inf Inf Inf], (2, 7))
ERR Zou/6x6_2_2_854 orig: BoundsError([0.05 0.04 0.03 0.02 0.01 0.0; 1.06 1.05 1.04 1.03 1.02 0.01; Inf Inf 2.05 1.04 Inf Inf; Inf Inf 2.0599999999999996 1.05 2.0599999999999996 3.09; Inf Inf 2.07 1.06 2.07 Inf; Inf Inf 2.08 1.07 2.08 2.09], (6, 7))
ERR Zou/6x6_2_2_856 orig: BoundsError([Inf Inf Inf Inf Inf 0.0; Inf Inf Inf Inf 1.02 0.01; Inf Inf Inf Inf Inf 0.02; Inf Inf Inf Inf Inf Inf; Inf Inf Inf Inf Inf Inf; Inf Inf Inf Inf Inf Inf], (2, 7))
ERR Zou/6x6_2_2_856 grad: BoundsError([2.09 2.0799999999999996 2.0699999999999994 3.079999999999999 Inf 0.0; 2.08 2.07 2.0599999999999996 Inf 1.02 0.01; 1.07 1.06 1.05 1.04 1.03 0.02; 1.08 1.07 1.06 1.05 1.04 0.03; 1.09 1.08 1.07 1.06 1.05 0.04; 1.1 1.09 1.08 1.07 1.06 0.05], (3, 7))
ERR Zou/6x6_2_2_861 orig: BoundsError([0.05 0.04 0.03 0.02 0.01 0.0; 1.06 1.05 1.04 1.03 1.02 0.01; Inf 1.06 1.05 1.04 1.03 0.02; Inf Inf 2.0599999999999996 1.05 1.04 Inf; Inf Inf Inf 1.06 1.05 2.0599999999999996; Inf Inf Inf 1.07 1.06 2.07], (5, 7))
ERR Zou/6x6_2_2_873 orig: BoundsError([0.05 0.04 0.03 0.02 0.01 0.0; 1.06 1.05 1.04 1.03 1.02 0.01; Inf 2.0599999999999996 1.05 1.04 1.03 Inf; Inf Inf Inf 1.05 1.04 2.05; Inf Inf 2.07 1.06 1.05 2.0599999999999996; Inf Inf 2.08 1.07 1.06 2.07], (4, 7))
ERR Zou/6x6_2_2_874 orig: BoundsError([Inf Inf Inf Inf 0.01 0.0; Inf Inf 1.04 1.03 1.02 0.01; Inf Inf Inf 1.04 1.03 0.02; Inf Inf Inf 2.05 1.04 Inf; Inf Inf Inf 2.0599999999999996 1.05 2.0599999999999996; Inf Inf Inf 2.07 1.06 2.07], (5, 7))
ERR Zou/6x6_2_2_884 orig: BoundsError([Inf 0.04 0.03 0.02 0.01 0.0; Inf 1.05 1.04 1.03 1.02 Inf; Inf 2.0599999999999996 1.05 1.04 1.03 2.04; Inf 2.07 1.06 1.05 1.04 2.05; Inf Inf 1.07 1.06 1.05 2.0599999999999996; Inf Inf Inf 1.07 1.06 2.07], (3, 7))
ERR Zou/6x6_2_2_889 orig: BoundsError([0.05 0.04 0.03 0.02 0.01 0.0; 1.06 1.05 1.04 1.03 Inf Inf; Inf 2.0599999999999996 1.05 1.04 Inf 3.0799999999999996; Inf 2.07 1.06 1.05 2.0599999999999996 3.0799999999999996; Inf 2.08 1.07 1.06 2.07 2.0799999999999996; Inf 2.09 1.08 1.07 2.08 3.0899999999999994], (5, 7))
ERR Zou/6x6_2_2_895 orig: BoundsError([0.05 0.04 0.03 0.02 0.01 0.0; 1.06 1.05 1.04 1.03 1.02 0.01; 1.07 1.06 1.05 1.04 1.03 Inf; 1.08 1.07 Inf Inf Inf 3.129999999999999; 1.09 1.08 2.09 2.0999999999999996 2.1099999999999994 2.119999999999999; 1.1 1.09 2.0999999999999996 2.1099999999999994 2.119999999999999 2.129999999999999], (4, 7))
ERR Zou/6x6_2_2_900 orig: BoundsError([0.05 0.04 0.03 0.02 0.01 0.0; 1.06 1.05 1.04 1.03 1.02 0.01; 1.07 Inf 1.05 1.04 1.03 0.02; 1.08 1.07 1.06 1.05 1.04 0.03; 1.09 1.08 1.07 1.06 1.05 0.04; 1.1 2.09 Inf Inf 1.06 Inf], (3, 7))
ERR Zou/6x6_2_2_900 grad: BoundsError([0.05 0.04 0.03 0.02 0.01 0.0; 1.06 1.05 1.04 1.03 1.02 0.01; 1.07 Inf 1.05 1.04 1.03 0.02; 1.08 1.07 1.06 1.05 1.04 0.03; 1.09 1.08 1.07 1.06 1.05 0.04; 1.1 2.09 Inf Inf 1.06 Inf], (3, 7))
ERR Zou/6x6_2_2_901 orig: BoundsError([Inf Inf Inf Inf 0.01 0.0; Inf Inf Inf Inf Inf Inf; Inf Inf Inf Inf Inf Inf; Inf Inf Inf Inf Inf Inf; Inf Inf Inf Inf Inf Inf; Inf Inf Inf Inf Inf Inf], (4, 7))
ERR Zou/6x6_2_2_931 orig: BoundsError([0.05 0.04 0.03 0.02 0.01 0.0; 1.06 1.05 1.04 1.03 1.02 0.01; Inf Inf 1.05 1.04 1.03 0.02; Inf 1.07 1.06 1.05 1.04 0.03; Inf Inf 2.07 2.0599999999999996 1.05 Inf; Inf Inf Inf 2.07 1.06 2.07], (6, 7))
ERR Zou/6x6_2_2_933 orig: BoundsError([0.05 0.04 0.03 0.02 0.01 0.0; 1.06 1.05 1.04 1.03 1.02 0.01; 1.07 1.06 1.05 1.04 1.03 Inf; 1.08 1.07 1.06 1.05 Inf 3.129999999999999; 1.09 1.08 1.07 Inf Inf 3.119999999999999; 1.1 1.09 1.08 2.09 2.0999999999999996 2.1099999999999994], (4, 7))
ERR Zou/6x6_2_2_960 orig: BoundsError([Inf Inf Inf Inf 0.01 0.0; Inf Inf Inf Inf 1.02 0.01; Inf Inf Inf Inf Inf 0.02; Inf Inf Inf Inf Inf Inf; Inf Inf Inf Inf Inf Inf; Inf Inf Inf Inf Inf Inf], (2, 7))
ERR Zou/6x6_2_2_972 orig: BoundsError([0.05 0.04 0.03 0.02 0.01 0.0; 1.06 1.05 1.04 1.03 1.02 0.01; 1.07 1.06 1.05 1.04 1.03 0.02; 2.08 1.07 1.06 Inf Inf Inf; Inf 1.08 1.07 2.08 2.09 2.0999999999999996; 2.0999999999999996 1.09 1.08 2.09 3.0999999999999996 3.1099999999999994], (5, 7))
ERR Zou/6x6_2_2_988 orig: BoundsError([0.05 0.04 0.03 0.02 0.01 0.0; 1.06 1.05 1.04 1.03 1.02 Inf; 2.07 1.06 1.05 1.04 Inf 3.0999999999999996; 2.08 1.07 1.06 Inf Inf 3.0999999999999996; 2.09 1.08 1.07 2.08 2.09 2.0999999999999996; 2.0999999999999996 1.09 1.08 2.09 3.0999999999999996 3.1099999999999994], (5, 7))
ERR Zou/6x6_2_2_993 orig: BoundsError([Inf Inf Inf Inf 0.01 0.0; Inf Inf Inf Inf Inf Inf; Inf Inf Inf Inf Inf Inf; Inf Inf Inf Inf Inf Inf; Inf Inf Inf Inf Inf Inf; Inf Inf Inf Inf Inf Inf], (4, 7))
ERR Zou/6x6_2_2_995 orig: BoundsError([0.05 0.04 0.03 0.02 0.01 0.0; 1.06 1.05 1.04 1.03 1.02 Inf; Inf Inf 1.05 1.04 Inf 3.079999999999999; 2.079999999999999 2.0699999999999994 1.06 1.05 2.0599999999999996 2.0699999999999994; Inf 2.0799999999999996 1.07 1.06 2.07 2.0799999999999996; Inf 2.09 1.08 1.07 2.08 2.09], (3, 7))
  [2000/3000]
ERR Zou/6x6_3_2_5 orig: BoundsError([Inf Inf Inf Inf 0.01 0.0; Inf Inf Inf Inf 1.02 0.01; Inf Inf Inf Inf Inf 0.02; Inf Inf Inf Inf Inf Inf; Inf Inf Inf Inf Inf Inf; Inf Inf Inf Inf Inf Inf], (2, 7))
ERR Zou/6x6_3_2_5 grad: BoundsError([Inf Inf Inf Inf 0.01 0.0; Inf Inf Inf Inf 1.02 0.01; Inf Inf Inf Inf Inf 0.02; Inf Inf Inf Inf Inf Inf; Inf Inf Inf Inf Inf Inf; Inf Inf Inf Inf Inf Inf], (2, 7))
ERR Zou/6x6_3_2_9 orig: BoundsError([0.05 0.04 0.03 0.02 0.01 0.0; 1.06 1.05 1.04 1.03 1.02 Inf; Inf 2.0599999999999996 1.05 1.04 Inf 3.0799999999999996; Inf 2.07 1.06 1.05 Inf 3.0799999999999996; Inf 2.08 1.07 1.06 2.07 2.0799999999999996; Inf 2.09 1.08 1.07 2.08 3.0899999999999994], (5, 7))
ERR Zou/6x6_3_2_9 grad: BoundsError([0.05 0.04 0.03 0.02 0.01 0.0; 1.06 1.05 1.04 1.03 Inf Inf; 1.07 1.06 1.05 1.04 Inf 3.139999999999999; 1.08 1.07 1.06 Inf Inf 3.129999999999999; 1.09 1.08 1.07 Inf 3.1099999999999994 3.119999999999999; 1.1 1.09 1.08 2.09 2.0999999999999996 2.1099999999999994], (3, 7))
ERR Zou/6x6_3_2_21 orig: BoundsError([Inf Inf Inf 0.02 0.01 0.0; Inf Inf Inf 1.03 Inf Inf; Inf Inf 2.05 1.04 2.05 2.0599999999999996; Inf Inf 2.0599999999999996 1.05 2.0599999999999996 3.0699999999999994; Inf Inf 2.07 1.06 2.07 Inf; Inf Inf 2.08 1.07 2.08 Inf], (3, 7))
ERR Zou/6x6_3_2_21 grad: BoundsError([Inf Inf Inf Inf 0.01 0.0; Inf Inf Inf Inf 1.02 0.01; Inf Inf Inf Inf Inf Inf; Inf Inf Inf Inf Inf Inf; Inf Inf Inf Inf Inf Inf; Inf Inf Inf Inf Inf Inf], (2, 7))
ERR Zou/6x6_3_2_30 orig: BoundsError([Inf 0.04 0.03 0.02 0.01 0.0; Inf 1.05 1.04 1.03 1.02 Inf; Inf Inf 1.05 1.04 1.03 2.04; Inf 2.07 1.06 1.05 1.04 2.05; Inf Inf 1.07 1.06 1.05 2.0599999999999996; Inf Inf Inf 1.07 1.06 2.07], (3, 7))
ERR Zou/6x6_3_2_31 orig: BoundsError([0.05 0.04 0.03 0.02 0.01 0.0; 1.06 1.05 1.04 Inf Inf Inf; 1.07 Inf Inf 3.119999999999999 3.129999999999999 3.139999999999999; 1.08 2.09 2.0999999999999996 2.1099999999999994 2.119999999999999 2.129999999999999; 1.09 2.0999999999999996 3.1099999999999994 3.119999999999999 3.129999999999999 3.139999999999999; 1.1 2.11 Inf Inf Inf Inf], (3, 7))
ERR Zou/6x6_3_2_41 orig: BoundsError([Inf Inf Inf 0.02 0.01 0.0; Inf Inf Inf 1.03 1.02 0.01; Inf Inf Inf 2.04 1.03 Inf; Inf Inf Inf 2.05 1.04 Inf; Inf Inf Inf 2.0599999999999996 1.05 Inf; Inf Inf Inf 2.07 1.06 2.07], (6, 7))
ERR Zou/6x6_3_2_41 grad: BoundsError([0.05 0.04 0.03 0.02 0.01 0.0; 1.06 1.05 1.04 1.03 1.02 0.01; 1.07 1.06 Inf 1.04 1.03 0.02; 1.08 1.07 Inf 1.05 1.04 Inf; 1.09 1.08 2.09 Inf Inf Inf; 1.1 1.09 Inf Inf Inf Inf], (5, 7))
ERR Zou/6x6_3_2_42 orig: BoundsError([Inf Inf Inf Inf Inf 0.0; Inf Inf Inf Inf Inf Inf; Inf Inf Inf Inf Inf Inf; Inf Inf Inf Inf Inf Inf; Inf Inf Inf Inf Inf Inf; Inf Inf Inf Inf Inf Inf], (3, 7))
ERR Zou/6x6_3_2_42 grad: BoundsError([Inf Inf Inf Inf Inf 0.0; Inf Inf Inf Inf Inf Inf; Inf Inf Inf Inf Inf Inf; Inf Inf Inf Inf Inf Inf; Inf Inf Inf Inf Inf Inf; Inf Inf Inf Inf Inf Inf], (3, 7))
ERR Zou/6x6_3_2_43 orig: BoundsError([Inf Inf Inf 0.02 0.01 0.0; Inf Inf 1.04 1.03 1.02 0.01; Inf 1.06 1.05 1.04 1.03 0.02; Inf Inf 2.0599999999999996 1.05 1.04 Inf; Inf Inf 2.07 1.06 1.05 2.0599999999999996; Inf Inf 2.08 1.07 1.06 2.07], (5, 7))
ERR Zou/6x6_3_2_45 orig: BoundsError([Inf Inf Inf 0.02 0.01 0.0; Inf Inf Inf 1.03 1.02 Inf; Inf Inf 2.05 1.04 1.03 Inf; Inf Inf 2.0599999999999996 1.05 1.04 2.05; Inf Inf 2.07 1.06 1.05 2.0599999999999996; Inf Inf 2.08 1.07 1.06 2.07], (4, 7))
ERR Zou/6x6_3_2_45 grad: BoundsError([Inf Inf Inf Inf 0.01 0.0; Inf Inf Inf Inf 1.02 0.01; Inf Inf Inf Inf Inf 0.02; Inf Inf Inf Inf Inf Inf; Inf Inf Inf Inf Inf Inf; Inf Inf Inf Inf Inf Inf], (2, 7))
ERR Zou/6x6_3_2_49 orig: BoundsError([2.1099999999999994 3.119999999999999 3.129999999999999 Inf 0.01 0.0; 2.0999999999999996 Inf Inf 1.03 1.02 0.01; 2.09 2.08 2.07 Inf Inf 0.02; 1.08 1.07 1.06 1.05 1.04 0.03; 1.09 1.08 1.07 1.06 1.05 0.04; 1.1 1.09 1.08 1.07 1.06 0.05], (3, 7))
ERR Zou/6x6_3_2_54 orig: BoundsError([0.05 0.04 0.03 0.02 0.01 0.0; 1.06 1.05 1.04 1.03 1.02 0.01; Inf 1.06 1.05 1.04 1.03 0.02; Inf Inf 2.0599999999999996 1.05 Inf Inf; Inf Inf Inf 1.06 2.07 Inf; Inf Inf Inf 1.07 2.08 2.09], (6, 7))
ERR Zou/6x6_3_2_62 grad: BoundsError([Inf Inf Inf Inf 0.01 0.0; Inf Inf Inf Inf 1.02 0.01; Inf Inf Inf Inf Inf 0.02; Inf Inf Inf Inf Inf Inf; Inf Inf Inf Inf Inf Inf; Inf Inf Inf Inf Inf Inf], (2, 7))
ERR Zou/6x6_3_2_67 grad: BoundsError([Inf Inf Inf Inf 0.01 0.0; Inf Inf Inf Inf Inf 0.01; Inf Inf Inf Inf Inf 0.02; Inf Inf Inf Inf Inf Inf; Inf Inf Inf Inf Inf Inf; Inf Inf Inf Inf Inf Inf], (2, 7))
ERR Zou/6x6_3_2_74 grad: BoundsError([Inf Inf Inf Inf 0.01 0.0; Inf Inf Inf Inf 1.02 0.01; Inf Inf Inf Inf Inf 0.02; Inf Inf Inf Inf Inf Inf; Inf Inf Inf Inf Inf Inf; Inf Inf Inf Inf Inf Inf], (2, 7))
ERR Zou/6x6_3_2_82 grad: BoundsError([Inf Inf Inf Inf 0.01 0.0; Inf Inf Inf Inf 1.02 0.01; Inf Inf Inf Inf Inf 0.02; Inf Inf Inf Inf Inf Inf; Inf Inf Inf Inf Inf Inf; Inf Inf Inf Inf Inf Inf], (2, 7))
ERR Zou/6x6_3_2_84 orig: BoundsError([0.05 0.04 0.03 0.02 0.01 0.0; 1.06 1.05 Inf Inf 1.02 Inf; 1.07 1.06 2.07 Inf Inf Inf; 1.08 1.07 2.08 3.1099999999999994 Inf 3.119999999999999; 1.09 1.08 2.09 2.0999999999999996 2.1099999999999994 2.119999999999999; 1.1 1.09 2.0999999999999996 3.1099999999999994 3.119999999999999 3.129999999999999], (5, 7))
ERR Zou/6x6_3_2_89 grad: BoundsError([Inf Inf Inf Inf 0.01 0.0; Inf Inf Inf Inf 1.02 0.01; Inf Inf Inf Inf Inf 0.02; Inf Inf Inf Inf Inf Inf; Inf Inf Inf Inf Inf Inf; Inf Inf Inf Inf Inf Inf], (2, 7))
ERR Zou/6x6_3_2_93 orig: BoundsError([Inf Inf Inf Inf Inf 0.0; Inf Inf Inf Inf Inf Inf; Inf Inf Inf Inf Inf Inf; Inf Inf Inf Inf Inf Inf; Inf Inf Inf Inf Inf Inf; Inf Inf Inf Inf Inf Inf], (6, 7))
ERR Zou/6x6_3_2_93 grad: BoundsError([Inf Inf Inf Inf Inf 0.0; Inf Inf Inf Inf Inf Inf; Inf Inf Inf Inf Inf Inf; Inf Inf Inf Inf Inf Inf; Inf Inf Inf Inf Inf Inf; Inf Inf Inf Inf Inf Inf], (6, 7))
ERR Zou/6x6_3_2_94 orig: BoundsError([Inf Inf Inf Inf 0.01 0.0; Inf Inf Inf Inf 1.02 0.01; Inf Inf Inf Inf Inf 0.02; Inf Inf Inf Inf Inf Inf; Inf Inf Inf Inf Inf Inf; Inf Inf Inf Inf Inf Inf], (2, 7))
ERR Zou/6x6_3_2_94 grad: BoundsError([Inf Inf Inf Inf 0.01 0.0; Inf Inf Inf Inf 1.02 0.01; Inf Inf Inf Inf Inf 0.02; Inf Inf Inf Inf Inf Inf; Inf Inf Inf Inf Inf Inf; Inf Inf Inf Inf Inf Inf], (2, 7))
ERR Zou/6x6_3_2_97 orig: BoundsError([0.05 0.04 0.03 0.02 0.01 0.0; 1.06 1.05 1.04 1.03 1.02 Inf; Inf 2.0599999999999996 1.05 1.04 Inf Inf; Inf 2.07 1.06 1.05 Inf 3.1099999999999994; Inf 2.08 1.07 Inf Inf 3.1099999999999994; Inf 2.09 1.08 2.09 2.0999999999999996 2.1099999999999994], (6, 7))
ERR Zou/6x6_3_2_101 grad: BoundsError([Inf Inf Inf Inf 0.01 0.0; Inf Inf Inf Inf 1.02 0.01; Inf Inf Inf Inf Inf 0.02; Inf Inf Inf Inf Inf Inf; Inf Inf Inf Inf Inf Inf; Inf Inf Inf Inf Inf Inf], (2, 7))
ERR Zou/6x6_3_2_113 grad: BoundsError([3.0699999999999994 2.0599999999999996 Inf Inf 0.01 0.0; Inf 1.05 1.04 1.03 1.02 0.01; 1.07 1.06 1.05 1.04 1.03 0.02; 1.08 1.07 1.06 1.05 1.04 0.03; 1.09 1.08 1.07 1.06 1.05 0.04; 1.1 1.09 1.08 1.07 1.06 0.05], (3, 7))
ERR Zou/6x6_3_2_116 orig: BoundsError([0.05 0.04 0.03 0.02 0.01 0.0; Inf 1.05 1.04 1.03 1.02 Inf; Inf Inf Inf 2.04 1.03 Inf; Inf Inf Inf 2.05 1.04 2.05; Inf Inf Inf 2.0599999999999996 1.05 Inf; Inf Inf Inf 2.07 1.06 2.07], (6, 7))
ERR Zou/6x6_3_2_124 grad: BoundsError([3.0699999999999994 3.0599999999999996 Inf 0.02 0.01 0.0; 2.0599999999999996 2.05 2.04 1.03 Inf Inf; 2.0699999999999994 2.0599999999999996 2.05 1.04 Inf 3.099999999999999; 2.079999999999999 2.0699999999999994 2.0599999999999996 1.05 Inf 3.0899999999999994; 2.0899999999999994 2.0799999999999996 2.07 1.06 2.07 2.0799999999999996; Inf 2.09 2.08 1.07 2.08 2.09], (3, 7))
ERR Zou/6x6_3_2_139 grad: BoundsError([Inf Inf Inf Inf 0.01 0.0; Inf Inf Inf Inf 1.02 0.01; Inf Inf Inf Inf Inf 0.02; Inf Inf Inf Inf Inf Inf; Inf Inf Inf Inf Inf Inf; Inf Inf Inf Inf Inf Inf], (2, 7))
ERR Zou/6x6_3_2_140 orig: BoundsError([0.05 0.04 0.03 0.02 0.01 0.0; 1.06 1.05 Inf 1.03 1.02 Inf; Inf Inf Inf 1.04 1.03 2.04; Inf Inf Inf Inf 1.04 2.05; Inf Inf Inf Inf 1.05 2.0599999999999996; Inf Inf Inf Inf 1.06 2.07], (3, 7))
ERR Zou/6x6_3_2_144 grad: BoundsError([2.07 Inf 0.03 0.02 0.01 0.0; 1.06 1.05 1.04 1.03 1.02 0.01; 2.0699999999999994 2.0599999999999996 1.05 Inf 1.03 0.02; 2.0799999999999996 2.0699999999999994 1.06 Inf 1.04 0.03; 2.09 2.08 1.07 Inf 1.05 0.04; 1.1 1.09 1.08 1.07 1.06 0.05], (5, 7))
ERR Zou/6x6_3_2_159 orig: BoundsError([2.1099999999999994 2.0999999999999996 2.0899999999999994 Inf Inf 0.0; 2.0999999999999996 2.09 2.0799999999999996 2.0699999999999994 Inf 0.01; 2.09 2.08 2.07 2.0599999999999996 Inf 0.02; 1.08 1.07 1.06 1.05 1.04 0.03; 1.09 1.08 1.07 1.06 1.05 0.04; 1.1 1.09 1.08 1.07 1.06 0.05], (3, 7))
ERR Zou/6x6_3_2_159 grad: BoundsError([2.1099999999999994 2.0999999999999996 2.0899999999999994 Inf Inf 0.0; 2.0999999999999996 2.09 2.0799999999999996 2.0699999999999994 Inf 0.01; 2.09 2.08 2.07 2.0599999999999996 Inf 0.02; 1.08 1.07 1.06 1.05 1.04 0.03; 1.09 1.08 1.07 1.06 1.05 0.04; 1.1 1.09 1.08 1.07 1.06 0.05], (3, 7))
ERR Zou/6x6_3_2_164 grad: BoundsError([Inf Inf Inf Inf 0.01 0.0; Inf Inf Inf Inf 1.02 0.01; Inf Inf Inf Inf Inf 0.02; Inf Inf Inf Inf Inf Inf; Inf Inf Inf Inf Inf Inf; Inf Inf Inf Inf Inf Inf], (2, 7))
ERR Zou/6x6_3_2_165 orig: BoundsError([Inf Inf Inf Inf 0.01 0.0; Inf Inf Inf Inf 1.02 0.01; Inf Inf Inf Inf Inf 0.02; Inf Inf Inf Inf Inf Inf; Inf Inf Inf Inf Inf Inf; Inf Inf Inf Inf Inf Inf], (2, 7))
ERR Zou/6x6_3_2_177 orig: BoundsError([Inf Inf Inf Inf 0.01 0.0; Inf Inf Inf Inf 1.02 0.01; Inf Inf Inf Inf Inf 0.02; Inf Inf Inf Inf Inf Inf; Inf Inf Inf Inf Inf Inf; Inf Inf Inf Inf Inf Inf], (2, 7))
ERR Zou/6x6_3_2_177 grad: BoundsError([Inf Inf Inf Inf 0.01 0.0; Inf Inf Inf Inf 1.02 0.01; Inf Inf Inf Inf Inf 0.02; Inf Inf Inf Inf Inf Inf; Inf Inf Inf Inf Inf Inf; Inf Inf Inf Inf Inf Inf], (2, 7))
ERR Zou/6x6_3_2_185 grad: BoundsError([Inf Inf Inf Inf 0.01 0.0; Inf Inf Inf Inf 1.02 0.01; Inf Inf Inf Inf Inf 0.02; Inf Inf Inf Inf Inf Inf; Inf Inf Inf Inf Inf Inf; Inf Inf Inf Inf Inf Inf], (2, 7))
ERR Zou/6x6_3_2_187 orig: BoundsError([0.05 0.04 0.03 0.02 0.01 0.0; 1.06 1.05 1.04 1.03 1.02 0.01; Inf 1.06 1.05 1.04 1.03 0.02; Inf Inf 2.0599999999999996 1.05 1.04 Inf; Inf Inf Inf Inf 1.05 2.0599999999999996; Inf Inf Inf Inf 1.06 2.07], (5, 7))
ERR Zou/6x6_3_2_188 orig: BoundsError([Inf Inf Inf Inf 0.01 0.0; Inf Inf Inf Inf 1.02 0.01; Inf Inf Inf Inf Inf 0.02; Inf Inf Inf Inf Inf Inf; Inf Inf Inf Inf Inf Inf; Inf Inf Inf Inf Inf Inf], (2, 7))
ERR Zou/6x6_3_2_188 grad: BoundsError([Inf Inf Inf Inf 0.01 0.0; Inf Inf Inf Inf 1.02 0.01; Inf Inf Inf Inf Inf 0.02; Inf Inf Inf Inf Inf Inf; Inf Inf Inf Inf Inf Inf; Inf Inf Inf Inf Inf Inf], (2, 7))
ERR Zou/6x6_3_2_195 orig: BoundsError([0.05 0.04 0.03 0.02 0.01 0.0; 1.06 1.05 1.04 Inf 1.02 0.01; Inf 2.0599999999999996 1.05 Inf Inf Inf; Inf 2.07 1.06 2.07 Inf 3.1099999999999994; Inf 2.08 1.07 Inf 3.1099999999999994 Inf; Inf 2.09 1.08 2.09 2.0999999999999996 2.1099999999999994], (6, 7))
ERR Zou/6x6_3_2_197 orig: BoundsError([0.05 0.04 0.03 0.02 0.01 0.0; 1.06 1.05 1.04 Inf Inf 0.01; 1.07 1.06 1.05 1.04 1.03 0.02; 1.08 1.07 1.06 2.05 Inf Inf; Inf 1.08 1.07 2.0599999999999996 Inf 3.119999999999999; 2.0999999999999996 1.09 1.08 2.0699999999999994 2.0999999999999996 2.1099999999999994], (5, 7))
  [2200/3000]
ERR Zou/6x6_3_2_204 orig: BoundsError([0.05 0.04 0.03 0.02 0.01 0.0; 1.06 1.05 1.04 1.03 1.02 Inf; Inf 2.0599999999999996 1.05 1.04 Inf Inf; Inf 2.07 1.06 1.05 2.0599999999999996 Inf; Inf 2.08 1.07 1.06 2.07 2.0799999999999996; Inf 2.09 1.08 1.07 2.08 3.0899999999999994], (5, 7))
ERR Zou/6x6_3_2_204 grad: BoundsError([Inf Inf Inf Inf 0.01 0.0; Inf Inf Inf Inf 1.02 0.01; Inf Inf Inf Inf Inf Inf; Inf Inf Inf Inf Inf Inf; Inf Inf Inf Inf Inf Inf; Inf Inf Inf Inf Inf Inf], (2, 7))
ERR Zou/6x6_3_2_212 orig: BoundsError([Inf Inf Inf Inf Inf 0.0; Inf Inf Inf Inf Inf 0.01; Inf Inf Inf Inf Inf Inf; Inf Inf Inf Inf Inf Inf; Inf Inf Inf Inf Inf Inf; Inf Inf Inf Inf Inf Inf], (5, 7))
ERR Zou/6x6_3_2_212 grad: BoundsError([Inf Inf Inf Inf Inf 0.0; Inf Inf Inf Inf Inf 0.01; Inf Inf Inf Inf Inf Inf; Inf Inf Inf Inf Inf Inf; Inf Inf Inf Inf Inf Inf; Inf Inf Inf Inf Inf Inf], (5, 7))
ERR Zou/6x6_3_2_214 orig: BoundsError([0.05 0.04 0.03 0.02 0.01 0.0; 1.06 1.05 Inf Inf 1.02 Inf; 1.07 1.06 2.07 3.0999999999999996 Inf 3.1099999999999994; 1.08 1.07 2.08 2.09 2.0999999999999996 2.1099999999999994; 1.09 1.08 2.09 Inf 3.1099999999999994 3.119999999999999; 1.1 1.09 2.0999999999999996 Inf Inf Inf], (4, 7))
ERR Zou/6x6_3_2_219 orig: BoundsError([0.05 0.04 0.03 0.02 0.01 0.0; 1.06 Inf Inf 1.03 1.02 0.01; Inf Inf 1.05 1.04 1.03 0.02; Inf 1.07 1.06 1.05 1.04 0.03; Inf Inf Inf 2.0599999999999996 1.05 Inf; Inf Inf Inf 2.07 1.06 2.07], (6, 7))
ERR Zou/6x6_3_2_221 orig: BoundsError([Inf Inf Inf Inf 0.01 0.0; Inf Inf Inf Inf Inf 0.01; Inf Inf Inf Inf Inf 0.02; Inf Inf Inf Inf Inf Inf; Inf Inf Inf Inf Inf Inf; Inf Inf Inf Inf Inf Inf], (2, 7))
ERR Zou/6x6_3_2_221 grad: BoundsError([Inf Inf Inf Inf 0.01 0.0; Inf Inf Inf Inf Inf 0.01; Inf Inf Inf Inf Inf 0.02; Inf Inf Inf Inf Inf Inf; Inf Inf Inf Inf Inf Inf; Inf Inf Inf Inf Inf Inf], (2, 7))
ERR Zou/6x6_3_2_235 grad: BoundsError([3.0699999999999994 3.0599999999999996 2.05 Inf 0.01 0.0; 4.079999999999999 Inf 1.04 1.03 1.02 0.01; Inf Inf 1.05 1.04 1.03 0.02; 1.08 1.07 1.06 1.05 1.04 0.03; 1.09 1.08 1.07 1.06 1.05 0.04; 1.1 1.09 1.08 1.07 1.06 0.05], (3, 7))
ERR Zou/6x6_3_2_236 orig: BoundsError([Inf Inf Inf Inf Inf 0.0; Inf Inf Inf Inf Inf 0.01; Inf Inf Inf Inf Inf 0.02; Inf Inf Inf Inf Inf Inf; Inf Inf Inf Inf Inf Inf; Inf Inf Inf Inf Inf Inf], (2, 7))
ERR Zou/6x6_3_2_236 grad: BoundsError([Inf Inf Inf Inf Inf 0.0; Inf Inf Inf Inf Inf 0.01; Inf Inf Inf Inf Inf 0.02; Inf Inf Inf Inf Inf Inf; Inf Inf Inf Inf Inf Inf; Inf Inf Inf Inf Inf Inf], (2, 7))
ERR Zou/6x6_3_2_242 orig: BoundsError([Inf Inf Inf Inf 0.01 0.0; Inf Inf Inf Inf 1.02 0.01; Inf Inf Inf Inf Inf 0.02; Inf Inf Inf Inf Inf Inf; Inf Inf Inf Inf Inf Inf; Inf Inf Inf Inf Inf Inf], (2, 7))
ERR Zou/6x6_3_2_242 grad: BoundsError([0.05 0.04 0.03 0.02 0.01 0.0; 1.06 1.05 Inf Inf Inf Inf; 1.07 1.06 Inf 3.0999999999999996 3.1099999999999994 3.1099999999999994; 1.08 1.07 2.08 2.09 2.0999999999999996 2.1099999999999994; 1.09 1.08 2.09 3.0999999999999996 3.1099999999999994 3.119999999999999; 1.1 1.09 2.0999999999999996 Inf Inf Inf], (4, 7))
ERR Zou/6x6_3_2_244 grad: BoundsError([0.05 0.04 0.03 0.02 0.01 0.0; 1.06 1.05 1.04 1.03 1.02 0.01; Inf 1.06 1.05 1.04 1.03 0.02; 2.079999999999999 1.07 1.06 1.05 Inf Inf; 2.09 1.08 Inf Inf Inf 3.139999999999999; 2.0999999999999996 1.09 2.0999999999999996 2.1099999999999994 2.119999999999999 2.129999999999999], (5, 7))
ERR Zou/6x6_3_2_251 orig: BoundsError([Inf Inf Inf 0.02 0.01 0.0; Inf Inf Inf Inf 1.02 0.01; Inf Inf Inf Inf 1.03 Inf; Inf Inf Inf 2.05 1.04 2.05; Inf Inf Inf 2.0599999999999996 1.05 2.0599999999999996; Inf Inf Inf 2.07 1.06 2.07], (4, 7))
ERR Zou/6x6_3_2_254 orig: BoundsError([0.05 0.04 0.03 0.02 0.01 0.0; 1.06 1.05 1.04 1.03 1.02 0.01; 1.07 1.06 1.05 1.04 1.03 0.02; 1.08 1.07 1.06 1.05 Inf Inf; 1.09 Inf Inf 1.06 Inf Inf; 1.1 2.09 2.08 1.07 Inf Inf], (6, 7))
ERR Zou/6x6_3_2_254 grad: BoundsError([0.05 0.04 0.03 0.02 0.01 0.0; 1.06 1.05 1.04 1.03 1.02 0.01; 1.07 1.06 1.05 1.04 1.03 0.02; 1.08 1.07 1.06 1.05 Inf Inf; 1.09 Inf Inf 1.06 Inf Inf; 1.1 2.09 2.08 1.07 Inf Inf], (6, 7))
ERR Zou/6x6_3_2_258 orig: BoundsError([2.07 2.0599999999999996 2.05 Inf 0.01 0.0; 1.06 1.05 1.04 1.03 1.02 0.01; 2.07 2.0599999999999996 Inf Inf Inf Inf; 2.0799999999999996 2.0699999999999994 3.079999999999999 4.1099999999999985 4.119999999999998 4.119999999999998; 2.0899999999999994 2.079999999999999 3.089999999999999 3.0999999999999988 3.1099999999999985 3.1199999999999983; 2.099999999999999 2.089999999999999 3.0999999999999988 4.1099999999999985 4.119999999999998 4.129999999999998], (5, 7))
ERR Zou/6x6_3_2_265 orig: BoundsError([0.05 0.04 0.03 0.02 0.01 0.0; 1.06 1.05 1.04 1.03 1.02 0.01; 1.07 1.06 1.05 1.04 1.03 0.02; 1.08 1.07 1.06 1.05 Inf Inf; 1.09 1.08 Inf Inf Inf 3.139999999999999; 1.1 1.09 2.0999999999999996 2.1099999999999994 2.119999999999999 2.129999999999999], (5, 7))
ERR Zou/6x6_3_2_271 grad: BoundsError([Inf Inf Inf Inf 0.01 0.0; Inf Inf Inf Inf 1.02 0.01; Inf Inf Inf Inf Inf 0.02; Inf Inf Inf Inf Inf Inf; Inf Inf Inf Inf Inf Inf; Inf Inf Inf Inf Inf Inf], (2, 7))
ERR Zou/6x6_3_2_272 orig: BoundsError([0.05 0.04 0.03 0.02 0.01 0.0; Inf 1.05 1.04 1.03 1.02 Inf; Inf Inf 1.05 1.04 1.03 2.04; Inf 2.07 1.06 1.05 1.04 2.05; Inf Inf 1.07 1.06 1.05 2.0599999999999996; Inf Inf Inf 1.07 1.06 2.07], (3, 7))
ERR Zou/6x6_3_2_272 grad: BoundsError([Inf Inf Inf Inf 0.01 0.0; Inf Inf Inf Inf Inf 0.01; Inf Inf Inf Inf Inf 0.02; Inf Inf Inf Inf Inf Inf; Inf Inf Inf Inf Inf Inf; Inf Inf Inf Inf Inf Inf], (2, 7))
ERR Zou/6x6_3_2_277 orig: BoundsError([0.05 0.04 0.03 0.02 0.01 0.0; 1.06 Inf Inf 1.03 1.02 Inf; Inf Inf Inf Inf 1.03 2.04; Inf Inf Inf 2.05 1.04 2.05; Inf Inf Inf 2.0599999999999996 1.05 2.0599999999999996; Inf Inf Inf 2.07 1.06 2.07], (3, 7))
ERR Zou/6x6_3_2_278 orig: BoundsError([0.05 0.04 0.03 0.02 0.01 0.0; 1.06 1.05 1.04 1.03 1.02 0.01; Inf 1.06 1.05 1.04 1.03 0.02; Inf Inf 2.0599999999999996 1.05 1.04 Inf; Inf Inf Inf Inf 1.05 2.0599999999999996; Inf Inf Inf Inf 1.06 2.07], (5, 7))
ERR Zou/6x6_3_2_279 orig: BoundsError([Inf Inf Inf Inf 0.01 0.0; Inf Inf Inf Inf 1.02 0.01; Inf Inf Inf Inf Inf 0.02; Inf Inf Inf Inf Inf Inf; Inf Inf Inf Inf Inf Inf; Inf Inf Inf Inf Inf Inf], (2, 7))
ERR Zou/6x6_3_2_279 grad: BoundsError([Inf Inf Inf Inf 0.01 0.0; Inf Inf Inf Inf 1.02 0.01; Inf Inf Inf Inf Inf 0.02; Inf Inf Inf Inf Inf Inf; Inf Inf Inf Inf Inf Inf; Inf Inf Inf Inf Inf Inf], (2, 7))
ERR Zou/6x6_3_2_297 grad: BoundsError([Inf Inf Inf Inf 0.01 0.0; Inf Inf Inf Inf 1.02 0.01; Inf Inf Inf Inf Inf 0.02; Inf Inf Inf Inf Inf Inf; Inf Inf Inf Inf Inf Inf; Inf Inf Inf Inf Inf Inf], (2, 7))
ERR Zou/6x6_3_2_299 orig: BoundsError([Inf Inf Inf Inf 0.01 0.0; Inf Inf Inf Inf 1.02 0.01; Inf Inf Inf Inf Inf 0.02; Inf Inf Inf Inf Inf Inf; Inf Inf Inf Inf Inf Inf; Inf Inf Inf Inf Inf Inf], (2, 7))
ERR Zou/6x6_3_2_299 grad: BoundsError([Inf Inf Inf Inf 0.01 0.0; Inf Inf Inf Inf 1.02 0.01; Inf Inf Inf Inf Inf 0.02; Inf Inf Inf Inf Inf Inf; Inf Inf Inf Inf Inf Inf; Inf Inf Inf Inf Inf Inf], (2, 7))
ERR Zou/6x6_3_2_311 orig: BoundsError([Inf Inf Inf Inf Inf 0.0; Inf Inf Inf Inf Inf 0.01; Inf Inf Inf Inf Inf 0.02; Inf Inf Inf Inf Inf Inf; Inf Inf Inf Inf Inf Inf; Inf Inf Inf Inf Inf Inf], (2, 7))
ERR Zou/6x6_3_2_311 grad: BoundsError([Inf Inf Inf Inf 0.01 0.0; Inf Inf Inf Inf 1.02 0.01; Inf Inf Inf Inf Inf 0.02; Inf Inf Inf Inf Inf Inf; Inf Inf Inf Inf Inf Inf; Inf Inf Inf Inf Inf Inf], (2, 7))
ERR Zou/6x6_3_2_318 orig: BoundsError([0.05 0.04 0.03 0.02 0.01 0.0; 1.06 1.05 1.04 Inf Inf Inf; 1.07 1.06 1.05 2.0599999999999996 2.0699999999999994 2.079999999999999; 1.08 1.07 1.06 2.07 Inf 3.089999999999999; 1.09 1.08 1.07 2.08 Inf Inf; Inf 1.09 1.08 2.09 Inf Inf], (3, 7))
ERR Zou/6x6_3_2_318 grad: BoundsError([Inf Inf Inf Inf 0.01 0.0; Inf Inf Inf Inf 1.02 0.01; Inf Inf Inf Inf Inf 0.02; Inf Inf Inf Inf Inf Inf; Inf Inf Inf Inf Inf Inf; Inf Inf Inf Inf Inf Inf], (2, 7))
ERR Zou/6x6_3_2_322 orig: BoundsError([Inf Inf Inf Inf Inf 0.0; Inf Inf Inf Inf 1.02 0.01; Inf Inf Inf Inf Inf 0.02; Inf Inf Inf Inf Inf Inf; Inf Inf Inf Inf Inf Inf; Inf Inf Inf Inf Inf Inf], (2, 7))
ERR Zou/6x6_3_2_322 grad: BoundsError([Inf Inf Inf Inf Inf 0.0; Inf Inf Inf Inf 1.02 0.01; Inf Inf Inf Inf Inf Inf; Inf Inf Inf Inf Inf Inf; Inf Inf Inf Inf Inf Inf; Inf Inf Inf Inf Inf Inf], (2, 7))
ERR Zou/6x6_3_2_324 orig: BoundsError([Inf Inf Inf 0.02 0.01 0.0; Inf Inf 1.04 1.03 1.02 0.01; Inf Inf 2.05 1.04 Inf Inf; Inf Inf 2.0599999999999996 1.05 2.0599999999999996 2.0699999999999994; Inf Inf 2.07 1.06 2.07 3.079999999999999; Inf Inf 2.08 1.07 2.08 Inf], (4, 7))
ERR Zou/6x6_3_2_324 grad: BoundsError([Inf Inf Inf 0.02 0.01 0.0; Inf Inf 1.04 1.03 1.02 0.01; Inf Inf 2.05 1.04 Inf Inf; Inf Inf 2.0599999999999996 1.05 2.0599999999999996 2.0699999999999994; Inf Inf 2.07 1.06 2.07 3.079999999999999; Inf Inf 2.08 1.07 2.08 Inf], (4, 7))
ERR Zou/6x6_3_2_326 orig: BoundsError([0.05 0.04 0.03 0.02 0.01 0.0; 1.06 1.05 1.04 1.03 1.02 0.01; Inf 2.0599999999999996 1.05 1.04 1.03 Inf; Inf Inf Inf Inf 1.04 2.05; Inf Inf Inf 2.0599999999999996 1.05 2.0599999999999996; Inf Inf Inf 2.07 1.06 2.07], (4, 7))
ERR Zou/6x6_3_2_329 grad: BoundsError([Inf Inf Inf Inf 0.01 0.0; Inf Inf Inf Inf 1.02 0.01; Inf Inf Inf Inf Inf 0.02; Inf Inf Inf Inf Inf Inf; Inf Inf Inf Inf Inf Inf; Inf Inf Inf Inf Inf Inf], (2, 7))
ERR Zou/6x6_3_2_330 orig: BoundsError([0.05 0.04 0.03 0.02 0.01 0.0; 1.06 1.05 Inf 1.03 1.02 0.01; 1.07 1.06 2.07 Inf Inf Inf; 1.08 1.07 2.08 2.09 2.0999999999999996 2.1099999999999994; 1.09 1.08 Inf Inf 3.1099999999999994 3.119999999999999; 1.1 1.09 2.0999999999999996 Inf Inf Inf], (4, 7))
ERR Zou/6x6_3_2_332 orig: BoundsError([0.05 0.04 0.03 0.02 0.01 0.0; 1.06 1.05 1.04 1.03 1.02 0.01; 1.07 1.06 1.05 Inf Inf 0.02; 1.08 1.07 1.06 1.05 1.04 0.03; 1.09 Inf Inf Inf 2.05 Inf; 1.1 2.11 2.1199999999999997 2.1299999999999994 2.0599999999999996 2.149999999999999], (6, 7))
ERR Zou/6x6_3_2_338 orig: BoundsError([0.05 0.04 0.03 0.02 0.01 0.0; 1.06 1.05 1.04 1.03 1.02 0.01; Inf Inf Inf Inf 1.03 Inf; Inf Inf Inf 2.05 1.04 2.05; Inf Inf Inf 2.0599999999999996 1.05 2.0599999999999996; Inf Inf Inf 2.07 1.06 2.07], (4, 7))
ERR Zou/6x6_3_2_340 grad: BoundsError([2.09 Inf 0.03 0.02 0.01 0.0; 2.08 Inf 1.04 1.03 1.02 0.01; 1.07 1.06 1.05 1.04 1.03 0.02; 1.08 1.07 1.06 1.05 1.04 0.03; 2.09 2.0799999999999996 1.07 Inf Inf 0.04; 1.1 1.09 1.08 1.07 1.06 0.05], (3, 7))
ERR Zou/6x6_3_2_343 orig: BoundsError([Inf Inf Inf Inf Inf 0.0; Inf Inf Inf Inf 1.02 0.01; Inf Inf Inf Inf Inf 0.02; Inf Inf Inf Inf Inf Inf; Inf Inf Inf Inf Inf Inf; Inf Inf Inf Inf Inf Inf], (2, 7))
ERR Zou/6x6_3_2_343 grad: BoundsError([Inf Inf Inf Inf Inf 0.0; Inf Inf Inf Inf 1.02 0.01; Inf Inf Inf Inf Inf 0.02; Inf Inf Inf Inf Inf Inf; Inf Inf Inf Inf Inf Inf; Inf Inf Inf Inf Inf Inf], (2, 7))
ERR Zou/6x6_3_2_345 orig: BoundsError([0.05 0.04 0.03 0.02 0.01 0.0; Inf 1.05 1.04 1.03 Inf Inf; 2.07 1.06 1.05 Inf 3.0899999999999994 3.0899999999999994; Inf 1.07 1.06 2.07 2.0799999999999996 2.0899999999999994; Inf 1.08 1.07 2.08 3.0899999999999994 3.099999999999999; 2.0999999999999996 1.09 1.08 2.09 Inf Inf], (4, 7))
ERR Zou/6x6_3_2_355 orig: BoundsError([Inf Inf Inf Inf 0.01 0.0; Inf Inf Inf 2.03 1.02 Inf; Inf Inf Inf 2.04 1.03 Inf; Inf Inf Inf 2.05 1.04 2.05; Inf Inf Inf 2.0599999999999996 1.05 Inf; Inf Inf Inf 2.07 1.06 2.07], (6, 7))
ERR Zou/6x6_3_2_360 orig: BoundsError([Inf Inf Inf Inf Inf 0.0; Inf Inf Inf Inf Inf 0.01; Inf Inf Inf Inf Inf 0.02; Inf Inf Inf Inf Inf Inf; Inf Inf Inf Inf Inf Inf; Inf Inf Inf Inf Inf Inf], (2, 7))
ERR Zou/6x6_3_2_360 grad: BoundsError([Inf Inf Inf Inf Inf 0.0; Inf Inf Inf Inf Inf 0.01; Inf Inf Inf Inf Inf 0.02; Inf Inf Inf Inf Inf Inf; Inf Inf Inf Inf Inf Inf; Inf Inf Inf Inf Inf Inf], (2, 7))
ERR Zou/6x6_3_2_362 orig: BoundsError([Inf Inf Inf Inf 0.01 0.0; Inf Inf Inf Inf 1.02 0.01; Inf Inf Inf Inf Inf 0.02; Inf Inf Inf Inf Inf Inf; Inf Inf Inf Inf Inf Inf; Inf Inf Inf Inf Inf Inf], (2, 7))
ERR Zou/6x6_3_2_362 grad: BoundsError([Inf Inf Inf Inf 0.01 0.0; Inf Inf Inf Inf 1.02 0.01; Inf Inf Inf Inf Inf 0.02; Inf Inf Inf Inf Inf Inf; Inf Inf Inf Inf Inf Inf; Inf Inf Inf Inf Inf Inf], (2, 7))
ERR Zou/6x6_3_2_365 orig: BoundsError([0.05 0.04 0.03 0.02 0.01 0.0; 1.06 1.05 1.04 1.03 1.02 0.01; Inf 2.0599999999999996 1.05 1.04 Inf Inf; Inf Inf Inf 1.05 2.0599999999999996 Inf; Inf Inf Inf 1.06 2.07 2.0799999999999996; Inf Inf 2.08 1.07 2.08 3.0899999999999994], (5, 7))
ERR Zou/6x6_3_2_369 orig: BoundsError([Inf Inf 2.05 Inf Inf 0.0; 1.06 1.05 1.04 1.03 1.02 0.01; 1.07 1.06 1.05 1.04 1.03 0.02; 1.08 1.07 1.06 1.05 1.04 0.03; 2.09 2.0799999999999996 2.0699999999999994 2.0599999999999996 2.05 Inf; 2.0999999999999996 2.09 2.0799999999999996 2.0699999999999994 2.0599999999999996 3.0699999999999994], (6, 7))
ERR Zou/6x6_3_2_370 orig: BoundsError([0.05 0.04 0.03 0.02 0.01 0.0; 1.06 1.05 1.04 1.03 1.02 Inf; Inf 2.0599999999999996 1.05 1.04 1.03 2.04; Inf 2.07 1.06 Inf 1.04 2.05; Inf Inf Inf Inf 1.05 2.0599999999999996; Inf Inf Inf 2.07 1.06 2.07], (3, 7))
ERR Zou/6x6_3_2_374 orig: BoundsError([0.05 0.04 0.03 0.02 0.01 0.0; 1.06 1.05 1.04 1.03 1.02 Inf; 1.07 1.06 1.05 1.04 1.03 2.04; 1.08 1.07 1.06 1.05 Inf 3.05; 1.09 1.08 1.07 1.06 Inf Inf; 1.1 1.09 1.08 1.07 Inf Inf], (6, 7))
ERR Zou/6x6_3_2_374 grad: BoundsError([0.05 0.04 0.03 0.02 0.01 0.0; 1.06 1.05 1.04 1.03 1.02 Inf; 1.07 1.06 1.05 1.04 1.03 2.04; 1.08 1.07 1.06 1.05 Inf 3.05; 1.09 1.08 1.07 1.06 Inf Inf; 1.1 1.09 1.08 1.07 Inf Inf], (6, 7))
ERR Zou/6x6_3_2_380 orig: BoundsError([Inf Inf Inf Inf 0.01 0.0; Inf Inf Inf Inf 1.02 0.01; Inf Inf Inf Inf Inf 0.02; Inf Inf Inf Inf Inf Inf; Inf Inf Inf Inf Inf Inf; Inf Inf Inf Inf Inf Inf], (2, 7))
ERR Zou/6x6_3_2_382 orig: BoundsError([0.05 0.04 0.03 0.02 0.01 0.0; 1.06 1.05 1.04 1.03 1.02 Inf; Inf 2.0599999999999996 1.05 1.04 1.03 2.04; Inf Inf Inf 1.05 1.04 2.05; Inf Inf Inf 1.06 1.05 2.0599999999999996; Inf Inf Inf 1.07 1.06 2.07], (3, 7))
ERR Zou/6x6_3_2_384 grad: BoundsError([Inf Inf Inf Inf 0.01 0.0; Inf Inf Inf Inf Inf Inf; Inf Inf Inf Inf Inf Inf; Inf Inf Inf Inf Inf Inf; Inf Inf Inf Inf Inf Inf; Inf Inf Inf Inf Inf Inf], (3, 7))
ERR Zou/6x6_3_2_386 orig: BoundsError([0.05 0.04 0.03 0.02 0.01 0.0; 1.06 Inf Inf 1.03 1.02 Inf; Inf Inf 2.05 1.04 1.03 2.04; Inf Inf Inf 1.05 1.04 2.05; Inf Inf Inf 1.06 1.05 2.0599999999999996; Inf Inf Inf 1.07 1.06 2.07], (3, 7))
ERR Zou/6x6_3_2_387 orig: BoundsError([Inf Inf Inf Inf 0.01 0.0; Inf Inf Inf Inf 1.02 0.01; Inf Inf Inf Inf Inf 0.02; Inf Inf Inf Inf Inf Inf; Inf Inf Inf Inf Inf Inf; Inf Inf Inf Inf Inf Inf], (2, 7))
ERR Zou/6x6_3_2_387 grad: BoundsError([Inf Inf Inf Inf 0.01 0.0; Inf Inf Inf Inf 1.02 0.01; Inf Inf Inf Inf Inf 0.02; Inf Inf Inf Inf Inf Inf; Inf Inf Inf Inf Inf Inf; Inf Inf Inf Inf Inf Inf], (2, 7))
  [2400/3000]
ERR Zou/6x6_3_2_402 orig: BoundsError([2.07 2.0599999999999996 2.05 Inf Inf 0.0; 1.06 1.05 1.04 1.03 1.02 0.01; 1.07 1.06 1.05 1.04 1.03 0.02; 2.0799999999999996 2.0699999999999994 2.0599999999999996 2.05 2.0399999999999996 Inf; 2.09 2.0799999999999996 2.0699999999999994 Inf Inf 4.1099999999999985; 2.0999999999999996 2.0899999999999994 2.079999999999999 3.089999999999999 3.0999999999999988 3.1099999999999985], (6, 7))
ERR Zou/6x6_3_2_407 orig: BoundsError([0.05 0.04 0.03 0.02 0.01 0.0; 1.06 1.05 1.04 1.03 1.02 0.01; 1.07 1.06 1.05 1.04 1.03 0.02; Inf 1.07 1.06 1.05 1.04 0.03; Inf 1.08 1.07 1.06 1.05 0.04; Inf 1.09 1.08 1.07 1.06 0.05], (3, 7))
ERR Zou/6x6_3_2_407 grad: BoundsError([0.05 0.04 0.03 0.02 0.01 0.0; 1.06 1.05 1.04 1.03 1.02 0.01; 1.07 1.06 1.05 1.04 1.03 0.02; Inf 1.07 1.06 1.05 1.04 0.03; Inf 1.08 1.07 1.06 1.05 0.04; Inf 1.09 1.08 1.07 1.06 0.05], (3, 7))
ERR Zou/6x6_3_2_410 orig: BoundsError([0.05 0.04 0.03 0.02 0.01 0.0; 1.06 1.05 1.04 1.03 1.02 Inf; Inf Inf Inf 2.04 1.03 2.04; Inf Inf Inf 2.05 1.04 2.05; Inf Inf Inf 2.0599999999999996 1.05 Inf; Inf Inf Inf 2.07 1.06 2.07], (6, 7))
ERR Zou/6x6_3_2_416 orig: BoundsError([Inf Inf Inf Inf Inf 0.0; Inf Inf Inf Inf 1.02 0.01; Inf Inf Inf Inf Inf 0.02; Inf Inf Inf Inf Inf Inf; Inf Inf Inf Inf Inf Inf; Inf Inf Inf Inf Inf Inf], (2, 7))
ERR Zou/6x6_3_2_416 grad: BoundsError([Inf Inf Inf Inf Inf 0.0; Inf Inf Inf Inf 1.02 0.01; Inf Inf Inf Inf Inf 0.02; Inf Inf Inf Inf Inf Inf; Inf Inf Inf Inf Inf Inf; Inf Inf Inf Inf Inf Inf], (2, 7))
ERR Zou/6x6_3_2_427 orig: BoundsError([0.05 0.04 0.03 0.02 0.01 0.0; 1.06 1.05 1.04 1.03 1.02 0.01; Inf Inf 1.05 1.04 1.03 Inf; Inf Inf 1.06 1.05 1.04 2.05; Inf Inf 1.07 1.06 1.05 2.0599999999999996; Inf Inf 1.08 1.07 1.06 2.07], (4, 7))
ERR Zou/6x6_3_2_435 orig: BoundsError([0.05 0.04 0.03 0.02 0.01 0.0; 1.06 1.05 Inf 1.03 1.02 0.01; 1.07 1.06 2.05 1.04 1.03 Inf; 1.08 1.07 Inf Inf Inf Inf; 1.09 1.08 2.09 2.0999999999999996 2.1099999999999994 2.119999999999999; 1.1 1.09 2.0999999999999996 3.1099999999999994 3.119999999999999 3.129999999999999], (5, 7))
ERR Zou/6x6_3_2_448 orig: BoundsError([0.05 0.04 0.03 0.02 0.01 0.0; 1.06 Inf 1.04 1.03 1.02 0.01; Inf Inf Inf Inf 1.03 Inf; Inf Inf Inf 2.05 1.04 Inf; Inf Inf Inf 2.0599999999999996 1.05 2.0599999999999996; Inf Inf Inf 2.07 1.06 2.07], (5, 7))
ERR Zou/6x6_3_2_451 grad: BoundsError([Inf Inf Inf Inf 0.01 0.0; Inf Inf Inf Inf 1.02 0.01; Inf Inf Inf Inf Inf 0.02; Inf Inf Inf Inf Inf Inf; Inf Inf Inf Inf Inf Inf; Inf Inf Inf Inf Inf Inf], (2, 7))
ERR Zou/6x6_3_2_454 orig: BoundsError([Inf Inf Inf Inf Inf 0.0; Inf Inf Inf Inf Inf 0.01; Inf Inf Inf Inf Inf 0.02; Inf Inf Inf Inf Inf Inf; Inf Inf Inf Inf Inf Inf; Inf Inf Inf Inf Inf Inf], (2, 7))
ERR Zou/6x6_3_2_454 grad: BoundsError([2.07 2.0599999999999996 2.05 2.04 Inf 0.0; 1.06 1.05 1.04 1.03 1.02 0.01; 2.07 2.0599999999999996 Inf 1.04 1.03 0.02; 2.0799999999999996 2.0699999999999994 Inf 1.05 1.04 0.03; 1.09 1.08 1.07 1.06 1.05 0.04; 1.1 1.09 1.08 1.07 1.06 0.05], (3, 7))
ERR Zou/6x6_3_2_456 orig: BoundsError([Inf Inf Inf Inf 0.01 0.0; Inf Inf 1.04 1.03 1.02 0.01; Inf 1.06 1.05 1.04 1.03 0.02; Inf Inf 2.0599999999999996 2.05 1.04 Inf; Inf Inf Inf 2.0599999999999996 1.05 2.0599999999999996; Inf Inf Inf 2.07 1.06 2.07], (5, 7))
ERR Zou/6x6_3_2_464 grad: BoundsError([Inf Inf Inf Inf 0.01 0.0; Inf Inf Inf Inf 1.02 0.01; Inf Inf Inf Inf Inf 0.02; Inf Inf Inf Inf Inf Inf; Inf Inf Inf Inf Inf Inf; Inf Inf Inf Inf Inf Inf], (2, 7))
ERR Zou/6x6_3_2_471 orig: BoundsError([2.07 2.0599999999999996 2.05 2.04 Inf 0.0; 1.06 1.05 1.04 1.03 1.02 0.01; 1.07 1.06 1.05 1.04 1.03 0.02; 2.0799999999999996 2.0699999999999994 2.0599999999999996 Inf Inf 0.03; 1.09 1.08 1.07 1.06 1.05 0.04; 1.1 1.09 1.08 1.07 1.06 0.05], (4, 7))
ERR Zou/6x6_3_2_471 grad: BoundsError([2.07 2.0599999999999996 2.05 2.04 Inf 0.0; 1.06 1.05 1.04 1.03 1.02 0.01; 1.07 1.06 1.05 1.04 1.03 0.02; 2.0799999999999996 2.0699999999999994 2.0599999999999996 Inf Inf 0.03; 1.09 1.08 1.07 1.06 1.05 0.04; 1.1 1.09 1.08 1.07 1.06 0.05], (4, 7))
ERR Zou/6x6_3_2_474 orig: BoundsError([Inf Inf Inf Inf Inf 0.0; Inf Inf Inf Inf Inf 0.01; Inf Inf Inf Inf Inf Inf; Inf Inf Inf Inf Inf Inf; Inf Inf Inf Inf Inf Inf; Inf Inf Inf Inf Inf Inf], (6, 7))
ERR Zou/6x6_3_2_474 grad: BoundsError([Inf Inf Inf Inf Inf 0.0; Inf Inf Inf Inf Inf 0.01; Inf Inf Inf Inf Inf Inf; Inf Inf Inf Inf Inf Inf; Inf Inf Inf Inf Inf Inf; Inf Inf Inf Inf Inf Inf], (6, 7))
ERR Zou/6x6_3_2_485 orig: BoundsError([0.05 0.04 0.03 0.02 0.01 0.0; 1.06 1.05 1.04 1.03 1.02 Inf; 1.07 1.06 1.05 1.04 Inf 3.139999999999999; 1.08 1.07 1.06 Inf Inf 3.129999999999999; 1.09 1.08 1.07 Inf 3.1099999999999994 3.119999999999999; 1.1 1.09 1.08 2.09 2.0999999999999996 2.1099999999999994], (3, 7))
ERR Zou/6x6_3_2_485 grad: BoundsError([3.0699999999999994 2.0599999999999996 Inf Inf 0.01 0.0; Inf 1.05 1.04 1.03 1.02 0.01; 1.07 1.06 1.05 1.04 1.03 0.02; 1.08 1.07 1.06 1.05 1.04 0.03; 1.09 1.08 1.07 1.06 1.05 0.04; 1.1 1.09 1.08 1.07 1.06 0.05], (3, 7))
ERR Zou/6x6_3_2_489 orig: BoundsError([Inf Inf Inf Inf Inf 0.0; Inf Inf Inf Inf 1.02 0.01; Inf Inf Inf Inf Inf 0.02; Inf Inf Inf Inf Inf Inf; Inf Inf Inf Inf Inf Inf; Inf Inf Inf Inf Inf Inf], (2, 7))
ERR Zou/6x6_3_2_495 orig: BoundsError([Inf Inf Inf Inf 0.01 0.0; Inf Inf Inf Inf 1.02 0.01; Inf Inf Inf Inf Inf 0.02; Inf Inf Inf Inf Inf Inf; Inf Inf Inf Inf Inf Inf; Inf Inf Inf Inf Inf Inf], (2, 7))
ERR Zou/6x6_3_2_495 grad: BoundsError([2.1099999999999994 3.119999999999999 3.129999999999999 Inf 0.01 0.0; 2.0999999999999996 Inf Inf 1.03 1.02 0.01; 2.09 Inf 1.05 1.04 1.03 0.02; 1.08 1.07 1.06 1.05 1.04 0.03; 1.09 1.08 1.07 1.06 1.05 0.04; 1.1 1.09 1.08 1.07 1.06 0.05], (3, 7))
ERR Zou/6x6_3_2_501 orig: BoundsError([Inf Inf Inf Inf 0.01 0.0; Inf Inf Inf Inf 1.02 0.01; Inf Inf Inf Inf Inf 0.02; Inf Inf Inf Inf Inf Inf; Inf Inf Inf Inf Inf Inf; Inf Inf Inf Inf Inf Inf], (2, 7))
ERR Zou/6x6_3_2_501 grad: BoundsError([Inf Inf Inf Inf 0.01 0.0; Inf Inf Inf Inf 1.02 0.01; Inf Inf Inf Inf Inf 0.02; Inf Inf Inf Inf Inf Inf; Inf Inf Inf Inf Inf Inf; Inf Inf Inf Inf Inf Inf], (2, 7))
ERR Zou/6x6_3_2_502 grad: BoundsError([Inf Inf Inf Inf Inf 0.0; Inf Inf Inf Inf 1.02 0.01; Inf Inf Inf Inf Inf 0.02; Inf Inf Inf Inf Inf Inf; Inf Inf Inf Inf Inf Inf; Inf Inf Inf Inf Inf Inf], (2, 7))
ERR Zou/6x6_3_2_506 orig: BoundsError([0.05 0.04 0.03 0.02 0.01 0.0; Inf 1.05 1.04 1.03 1.02 Inf; Inf 1.06 Inf Inf Inf 3.119999999999999; 2.08 1.07 2.08 2.09 2.0999999999999996 2.1099999999999994; 2.09 1.08 2.09 2.0999999999999996 2.1099999999999994 2.119999999999999; 2.0999999999999996 1.09 2.0999999999999996 3.1099999999999994 3.119999999999999 3.129999999999999], (3, 7))
ERR Zou/6x6_3_2_509 grad: BoundsError([0.05 0.04 0.03 0.02 0.01 0.0; 1.06 1.05 1.04 1.03 1.02 Inf; 1.07 1.06 1.05 Inf 1.03 Inf; 1.08 1.07 1.06 Inf Inf 3.1099999999999994; 1.09 1.08 1.07 2.08 2.09 2.0999999999999996; 1.1 1.09 1.08 2.09 2.0999999999999996 2.1099999999999994], (4, 7))
ERR Zou/6x6_3_2_514 orig: BoundsError([0.05 0.04 0.03 0.02 0.01 0.0; 1.06 1.05 1.04 Inf Inf Inf; Inf Inf 1.05 2.0599999999999996 Inf 3.0999999999999996; Inf Inf 1.06 2.07 3.0999999999999996 Inf; Inf 2.08 1.07 2.08 2.09 2.0999999999999996; Inf 2.09 1.08 2.09 3.0999999999999996 3.1099999999999994], (5, 7))
ERR Zou/6x6_3_2_514 grad: BoundsError([2.1099999999999994 2.0999999999999996 3.1099999999999994 3.119999999999999 Inf 0.0; 2.0999999999999996 2.09 3.0999999999999996 Inf 1.02 0.01; 2.09 2.08 Inf Inf 1.03 0.02; 1.08 1.07 1.06 1.05 1.04 0.03; 1.09 1.08 1.07 1.06 1.05 0.04; 1.1 1.09 1.08 1.07 1.06 0.05], (3, 7))
ERR Zou/6x6_3_2_518 grad: BoundsError([Inf Inf Inf Inf 0.01 0.0; Inf Inf Inf Inf 1.02 0.01; Inf Inf Inf Inf Inf 0.02; Inf Inf Inf Inf Inf Inf; Inf Inf Inf Inf Inf Inf; Inf Inf Inf Inf Inf Inf], (2, 7))
ERR Zou/6x6_3_2_522 orig: BoundsError([0.05 0.04 0.03 0.02 0.01 0.0; 1.06 1.05 Inf Inf Inf Inf; 1.07 1.06 Inf 3.0999999999999996 3.1099999999999994 3.1099999999999994; 1.08 1.07 2.08 2.09 2.0999999999999996 2.1099999999999994; 1.09 1.08 2.09 3.0999999999999996 3.1099999999999994 3.119999999999999; 1.1 1.09 2.0999999999999996 Inf Inf Inf], (4, 7))
ERR Zou/6x6_3_2_523 orig: BoundsError([Inf Inf Inf Inf Inf 0.0; Inf Inf Inf Inf 1.02 0.01; Inf Inf Inf Inf Inf 0.02; Inf Inf Inf Inf Inf Inf; Inf Inf Inf Inf Inf Inf; Inf Inf Inf Inf Inf Inf], (2, 7))
ERR Zou/6x6_3_2_523 grad: BoundsError([Inf Inf Inf Inf Inf 0.0; Inf Inf Inf Inf 1.02 0.01; Inf Inf Inf Inf Inf 0.02; Inf Inf Inf Inf Inf Inf; Inf Inf Inf Inf Inf Inf; Inf Inf Inf Inf Inf Inf], (2, 7))
ERR Zou/6x6_3_2_534 orig: BoundsError([0.05 0.04 0.03 0.02 0.01 0.0; 1.06 1.05 1.04 1.03 1.02 0.01; 2.07 1.06 1.05 1.04 1.03 Inf; 2.08 1.07 1.06 1.05 Inf Inf; 2.09 1.08 Inf Inf 3.129999999999999 3.129999999999999; 2.0999999999999996 1.09 2.0999999999999996 2.1099999999999994 2.119999999999999 2.129999999999999], (6, 7))
ERR Zou/6x6_3_2_538 grad: BoundsError([Inf Inf Inf Inf 0.01 0.0; Inf Inf Inf Inf 1.02 0.01; Inf Inf Inf Inf Inf 0.02; Inf Inf Inf Inf Inf Inf; Inf Inf Inf Inf Inf Inf; Inf Inf Inf Inf Inf Inf], (2, 7))
ERR Zou/6x6_3_2_543 orig: BoundsError([0.05 0.04 0.03 0.02 0.01 0.0; 1.06 1.05 1.04 1.03 1.02 0.01; 1.07 1.06 1.05 Inf Inf 0.02; 1.08 1.07 1.06 1.05 1.04 0.03; 1.09 1.08 1.07 Inf 1.05 0.04; 1.1 1.09 Inf 1.07 1.06 0.05], (6, 7))
ERR Zou/6x6_3_2_543 grad: BoundsError([0.05 0.04 0.03 0.02 0.01 0.0; 1.06 1.05 1.04 1.03 1.02 0.01; 1.07 1.06 1.05 Inf Inf 0.02; 1.08 1.07 1.06 1.05 1.04 0.03; 1.09 1.08 1.07 Inf 1.05 0.04; 1.1 1.09 Inf 1.07 1.06 0.05], (6, 7))
ERR Zou/6x6_3_2_545 grad: BoundsError([Inf Inf Inf Inf 0.01 0.0; Inf Inf Inf Inf 1.02 0.01; Inf Inf Inf Inf Inf 0.02; Inf Inf Inf Inf Inf Inf; Inf Inf Inf Inf Inf Inf; Inf Inf Inf Inf Inf Inf], (2, 7))
ERR Zou/6x6_3_2_558 grad: BoundsError([Inf Inf Inf Inf 0.01 0.0; Inf Inf Inf Inf 1.02 0.01; Inf Inf Inf Inf Inf 0.02; Inf Inf Inf Inf Inf Inf; Inf Inf Inf Inf Inf Inf; Inf Inf Inf Inf Inf Inf], (2, 7))
ERR Zou/6x6_3_2_565 grad: BoundsError([3.0699999999999994 2.0599999999999996 Inf Inf 0.01 0.0; Inf 1.05 1.04 1.03 1.02 0.01; 1.07 1.06 1.05 1.04 1.03 0.02; 1.08 1.07 1.06 1.05 1.04 0.03; 1.09 1.08 1.07 1.06 1.05 0.04; 1.1 1.09 1.08 1.07 1.06 0.05], (3, 7))
ERR Zou/6x6_3_2_566 grad: BoundsError([0.05 0.04 0.03 0.02 0.01 0.0; 1.06 1.05 1.04 1.03 1.02 0.01; Inf 1.06 1.05 1.04 1.03 0.02; 2.079999999999999 1.07 1.06 1.05 Inf Inf; Inf Inf Inf 1.06 Inf 3.0999999999999996; 2.0999999999999996 2.09 2.08 1.07 2.08 2.09], (5, 7))
ERR Zou/6x6_3_2_567 orig: BoundsError([0.05 0.04 0.03 0.02 0.01 0.0; 1.06 1.05 1.04 1.03 1.02 Inf; 1.07 1.06 1.05 1.04 Inf 3.099999999999999; Inf Inf 1.06 1.05 Inf 3.0899999999999994; 2.0899999999999994 2.0799999999999996 1.07 1.06 2.07 2.0799999999999996; Inf 2.09 1.08 1.07 2.08 2.09], (3, 7))
ERR Zou/6x6_3_2_567 grad: BoundsError([0.05 0.04 0.03 0.02 0.01 0.0; 1.06 1.05 1.04 1.03 1.02 Inf; 1.07 1.06 1.05 1.04 Inf 3.099999999999999; Inf Inf 1.06 1.05 Inf 3.0899999999999994; 2.0899999999999994 2.0799999999999996 1.07 1.06 2.07 2.0799999999999996; Inf 2.09 1.08 1.07 2.08 2.09], (3, 7))
ERR Zou/6x6_3_2_571 orig: BoundsError([0.05 0.04 0.03 0.02 0.01 0.0; 1.06 1.05 Inf 1.03 1.02 0.01; Inf Inf Inf 1.04 1.03 Inf; Inf Inf Inf 1.05 1.04 2.05; Inf Inf 2.07 1.06 1.05 2.0599999999999996; Inf Inf 2.08 1.07 1.06 2.07], (4, 7))
ERR Zou/6x6_3_2_573 grad: BoundsError([2.1099999999999994 3.119999999999999 3.129999999999999 Inf 0.01 0.0; 2.0999999999999996 Inf Inf 1.03 1.02 0.01; 2.09 Inf 1.05 1.04 1.03 0.02; 1.08 1.07 1.06 1.05 1.04 0.03; 1.09 1.08 1.07 1.06 1.05 0.04; 1.1 1.09 1.08 1.07 1.06 0.05], (3, 7))
ERR Zou/6x6_3_2_575 grad: BoundsError([Inf Inf Inf Inf 0.01 0.0; Inf Inf Inf Inf 1.02 0.01; Inf Inf Inf Inf Inf 0.02; Inf Inf Inf Inf Inf Inf; Inf Inf Inf Inf Inf Inf; Inf Inf Inf Inf Inf Inf], (2, 7))
ERR Zou/6x6_3_2_581 orig: BoundsError([2.07 Inf Inf 0.02 0.01 0.0; 1.06 1.05 1.04 1.03 1.02 0.01; 2.07 Inf Inf 1.04 Inf 0.02; 2.079999999999999 2.0699999999999994 2.0599999999999996 1.05 2.0599999999999996 Inf; 2.0899999999999994 2.0799999999999996 2.07 1.06 2.07 2.0799999999999996; 2.0999999999999996 2.09 2.08 1.07 2.08 2.09], (5, 7))
ERR Zou/6x6_3_2_584 orig: BoundsError([0.05 0.04 0.03 0.02 0.01 0.0; 1.06 1.05 1.04 1.03 1.02 0.01; 1.07 1.06 1.05 1.04 1.03 0.02; Inf 2.07 1.06 1.05 Inf Inf; Inf 2.08 1.07 Inf Inf 3.1099999999999994; Inf 2.09 1.08 2.09 2.0999999999999996 2.1099999999999994], (6, 7))
ERR Zou/6x6_3_2_593 orig: BoundsError([0.05 0.04 0.03 0.02 0.01 0.0; 1.06 1.05 Inf Inf 1.02 0.01; Inf Inf Inf 2.04 1.03 Inf; Inf Inf Inf 2.05 1.04 2.05; Inf Inf Inf 2.0599999999999996 1.05 2.0599999999999996; Inf Inf Inf 2.07 1.06 2.07], (4, 7))
ERR Zou/6x6_3_2_598 orig: BoundsError([0.05 0.04 0.03 0.02 0.01 0.0; 1.06 1.05 1.04 1.03 Inf Inf; Inf Inf 2.05 1.04 2.05 3.09; Inf Inf 2.0599999999999996 1.05 2.0599999999999996 3.09; Inf Inf 2.07 1.06 2.07 Inf; Inf Inf 2.08 1.07 2.08 2.09], (6, 7))
  [2600/3000]
ERR Zou/6x6_3_2_604 orig: BoundsError([0.05 0.04 0.03 0.02 0.01 0.0; 1.06 1.05 1.04 Inf 1.02 0.01; 1.07 1.06 1.05 2.0599999999999996 Inf Inf; 1.08 1.07 Inf Inf Inf 3.119999999999999; 1.09 1.08 2.09 2.0999999999999996 2.1099999999999994 2.119999999999999; 1.1 1.09 2.0999999999999996 3.1099999999999994 3.119999999999999 3.129999999999999], (5, 7))
ERR Zou/6x6_3_2_610 orig: BoundsError([0.05 0.04 0.03 0.02 0.01 0.0; 1.06 1.05 1.04 1.03 1.02 0.01; Inf Inf Inf 1.04 1.03 Inf; Inf Inf Inf 1.05 1.04 2.05; Inf Inf 2.07 1.06 1.05 2.0599999999999996; Inf Inf 2.08 1.07 1.06 2.07], (4, 7))
ERR Zou/6x6_3_2_612 orig: BoundsError([Inf Inf Inf Inf Inf 0.0; Inf Inf Inf Inf Inf Inf; Inf Inf Inf Inf Inf Inf; Inf Inf Inf Inf Inf Inf; Inf Inf Inf Inf Inf Inf; Inf Inf Inf Inf Inf Inf], (4, 7))
ERR Zou/6x6_3_2_612 grad: BoundsError([Inf Inf Inf Inf Inf 0.0; Inf Inf Inf Inf Inf Inf; Inf Inf Inf Inf Inf Inf; Inf Inf Inf Inf Inf Inf; Inf Inf Inf Inf Inf Inf; Inf Inf Inf Inf Inf Inf], (4, 7))
ERR Zou/6x6_3_2_613 orig: BoundsError([0.05 0.04 0.03 0.02 0.01 0.0; Inf 1.05 1.04 1.03 1.02 0.01; Inf Inf 1.05 1.04 1.03 0.02; Inf Inf Inf 1.05 1.04 0.03; Inf Inf Inf Inf 1.05 Inf; Inf Inf Inf 2.07 1.06 2.07], (6, 7))
ERR Zou/6x6_3_2_614 orig: BoundsError([Inf Inf Inf Inf Inf 0.0; Inf Inf Inf Inf Inf Inf; Inf Inf Inf Inf Inf Inf; Inf Inf Inf Inf Inf Inf; Inf Inf Inf Inf Inf Inf; Inf Inf Inf Inf Inf Inf], (3, 7))
ERR Zou/6x6_3_2_614 grad: BoundsError([Inf Inf Inf Inf Inf 0.0; Inf Inf Inf Inf Inf Inf; Inf Inf Inf Inf Inf Inf; Inf Inf Inf Inf Inf Inf; Inf Inf Inf Inf Inf Inf; Inf Inf Inf Inf Inf Inf], (3, 7))
ERR Zou/6x6_3_2_620 orig: BoundsError([0.05 0.04 0.03 0.02 0.01 0.0; 1.06 1.05 1.04 1.03 1.02 0.01; Inf Inf Inf 1.04 1.03 Inf; Inf Inf Inf 1.05 1.04 2.05; Inf Inf 2.07 1.06 1.05 2.0599999999999996; Inf Inf 2.08 1.07 1.06 2.07], (4, 7))
ERR Zou/6x6_3_2_621 orig: BoundsError([0.05 0.04 0.03 0.02 0.01 0.0; 1.06 1.05 Inf 1.03 1.02 Inf; 2.07 1.06 2.07 Inf Inf 3.129999999999999; 2.08 1.07 Inf Inf Inf 3.129999999999999; 2.09 1.08 2.09 3.119999999999999 3.129999999999999 3.129999999999999; 2.0999999999999996 1.09 2.0999999999999996 2.1099999999999994 2.119999999999999 2.129999999999999], (6, 7))
ERR Zou/6x6_3_2_621 grad: BoundsError([0.05 0.04 0.03 0.02 0.01 0.0; 1.06 1.05 Inf 1.03 1.02 Inf; 2.07 1.06 2.07 Inf Inf 3.129999999999999; 2.08 1.07 Inf Inf Inf 3.129999999999999; 2.09 1.08 2.09 3.119999999999999 3.129999999999999 3.129999999999999; 2.0999999999999996 1.09 2.0999999999999996 2.1099999999999994 2.119999999999999 2.129999999999999], (6, 7))
ERR Zou/6x6_3_2_625 orig: BoundsError([0.05 0.04 0.03 0.02 0.01 0.0; 1.06 1.05 1.04 1.03 Inf Inf; Inf 2.0599999999999996 1.05 1.04 2.05 3.0799999999999996; Inf 2.07 1.06 1.05 2.0599999999999996 3.0799999999999996; Inf 2.08 1.07 1.06 2.07 2.0799999999999996; Inf 2.09 1.08 1.07 2.08 3.0899999999999994], (5, 7))
ERR Zou/6x6_3_2_629 orig: BoundsError([0.05 0.04 0.03 0.02 0.01 0.0; 1.06 1.05 Inf 1.03 1.02 0.01; Inf Inf Inf Inf 1.03 0.02; Inf 1.07 1.06 1.05 1.04 0.03; Inf Inf Inf 2.0599999999999996 1.05 Inf; Inf Inf Inf 2.07 1.06 2.07], (6, 7))
ERR Zou/6x6_3_2_631 grad: BoundsError([2.09 2.0799999999999996 2.0699999999999994 2.0599999999999996 Inf 0.0; 2.08 2.07 2.0599999999999996 2.05 Inf 0.01; 1.07 1.06 1.05 1.04 1.03 0.02; 1.08 1.07 1.06 1.05 1.04 0.03; 2.09 2.0799999999999996 2.0699999999999994 2.0599999999999996 Inf Inf; 2.0999999999999996 2.09 2.0799999999999996 2.0699999999999994 Inf Inf], (6, 7))
ERR Zou/6x6_3_2_633 orig: BoundsError([0.05 0.04 0.03 0.02 0.01 0.0; 1.06 1.05 1.04 1.03 1.02 0.01; Inf Inf 1.05 1.04 1.03 Inf; Inf Inf 1.06 1.05 1.04 2.05; Inf 2.08 1.07 1.06 1.05 2.0599999999999996; Inf Inf 1.08 1.07 1.06 2.07], (4, 7))
ERR Zou/6x6_3_2_634 orig: BoundsError([0.05 0.04 0.03 0.02 0.01 0.0; 1.06 1.05 1.04 1.03 1.02 Inf; Inf Inf 2.05 1.04 Inf Inf; Inf Inf 2.0599999999999996 1.05 Inf Inf; Inf Inf 2.07 1.06 2.07 Inf; Inf Inf 2.08 1.07 2.08 2.09], (6, 7))
ERR Zou/6x6_3_2_634 grad: BoundsError([Inf Inf Inf Inf Inf 0.0; Inf Inf Inf Inf Inf 0.01; Inf Inf Inf Inf Inf 0.02; Inf Inf Inf Inf Inf Inf; Inf Inf Inf Inf Inf Inf; Inf Inf Inf Inf Inf Inf], (6, 7))
ERR Zou/6x6_3_2_644 orig: BoundsError([0.05 0.04 0.03 0.02 0.01 0.0; 1.06 1.05 1.04 1.03 1.02 0.01; 1.07 1.06 1.05 Inf Inf 0.02; 1.08 1.07 1.06 Inf 1.04 0.03; 1.09 1.08 1.07 1.06 1.05 0.04; 1.1 1.09 1.08 1.07 1.06 0.05], (5, 7))
ERR Zou/6x6_3_2_644 grad: BoundsError([0.05 0.04 0.03 0.02 0.01 0.0; 1.06 1.05 1.04 1.03 1.02 0.01; 1.07 1.06 1.05 Inf Inf 0.02; 1.08 1.07 1.06 Inf 1.04 0.03; 1.09 1.08 1.07 1.06 1.05 0.04; 1.1 1.09 1.08 1.07 1.06 0.05], (5, 7))
ERR Zou/6x6_3_2_645 grad: BoundsError([Inf Inf Inf Inf 0.01 0.0; Inf Inf Inf Inf 1.02 0.01; Inf Inf Inf Inf Inf 0.02; Inf Inf Inf Inf Inf Inf; Inf Inf Inf Inf Inf Inf; Inf Inf Inf Inf Inf Inf], (2, 7))
ERR Zou/6x6_3_2_646 orig: BoundsError([0.05 0.04 0.03 0.02 0.01 0.0; 1.06 1.05 1.04 1.03 Inf Inf; Inf Inf 2.05 1.04 2.05 3.09; Inf Inf 2.0599999999999996 1.05 Inf 3.09; Inf Inf Inf 1.06 Inf 3.09; Inf Inf 2.08 1.07 2.08 2.09], (6, 7))
ERR Zou/6x6_3_2_646 grad: BoundsError([0.05 0.04 0.03 0.02 0.01 0.0; 1.06 1.05 1.04 1.03 Inf Inf; Inf Inf 2.05 1.04 2.05 3.09; Inf Inf 2.0599999999999996 1.05 Inf 3.09; Inf Inf Inf 1.06 Inf 3.09; Inf Inf 2.08 1.07 2.08 2.09], (6, 7))
ERR Zou/6x6_3_2_647 orig: BoundsError([0.05 0.04 0.03 0.02 0.01 0.0; Inf Inf 1.04 1.03 1.02 Inf; Inf Inf Inf 1.04 1.03 2.04; Inf Inf 2.0599999999999996 1.05 1.04 2.05; Inf Inf 2.07 1.06 1.05 2.0599999999999996; Inf Inf Inf 1.07 1.06 2.07], (3, 7))
ERR Zou/6x6_3_2_654 orig: BoundsError([2.07 Inf Inf 2.04 Inf 0.0; 1.06 1.05 1.04 1.03 1.02 0.01; 1.07 1.06 1.05 1.04 1.03 0.02; 2.08 Inf 1.06 1.05 1.04 0.03; Inf 3.0799999999999996 2.0699999999999994 2.0599999999999996 2.05 Inf; Inf 3.0899999999999994 2.0799999999999996 2.0699999999999994 2.0599999999999996 3.0699999999999994], (6, 7))
ERR Zou/6x6_3_2_666 orig: BoundsError([Inf Inf Inf Inf 0.01 0.0; Inf Inf 1.04 1.03 1.02 0.01; Inf 1.06 1.05 1.04 1.03 0.02; Inf Inf 2.0599999999999996 2.05 1.04 Inf; Inf Inf Inf 2.0599999999999996 1.05 2.0599999999999996; Inf Inf Inf 2.07 1.06 2.07], (5, 7))
ERR Zou/6x6_3_2_675 grad: BoundsError([Inf Inf Inf Inf 0.01 0.0; Inf Inf Inf Inf 1.02 0.01; Inf Inf Inf Inf Inf 0.02; Inf Inf Inf Inf Inf Inf; Inf Inf Inf Inf Inf Inf; Inf Inf Inf Inf Inf Inf], (2, 7))
ERR Zou/6x6_3_2_681 orig: BoundsError([0.05 0.04 0.03 0.02 0.01 0.0; 1.06 1.05 1.04 1.03 1.02 0.01; 1.07 1.06 1.05 1.04 1.03 0.02; 2.08 1.07 1.06 Inf Inf Inf; 2.09 1.08 1.07 2.08 2.09 2.0999999999999996; 2.0999999999999996 1.09 1.08 2.09 3.0999999999999996 3.1099999999999994], (5, 7))
ERR Zou/6x6_3_2_686 orig: BoundsError([0.05 0.04 0.03 0.02 0.01 0.0; 1.06 1.05 1.04 1.03 1.02 Inf; Inf 2.0599999999999996 1.05 1.04 Inf Inf; Inf 2.07 1.06 1.05 Inf Inf; Inf 2.08 1.07 1.06 2.07 2.0799999999999996; Inf 2.09 1.08 1.07 2.08 3.0899999999999994], (5, 7))
ERR Zou/6x6_3_2_687 grad: BoundsError([Inf Inf Inf Inf 0.01 0.0; Inf Inf Inf Inf Inf 0.01; Inf Inf Inf Inf Inf 0.02; Inf Inf Inf Inf Inf Inf; Inf Inf Inf Inf Inf Inf; Inf Inf Inf Inf Inf Inf], (2, 7))
ERR Zou/6x6_3_2_712 orig: BoundsError([Inf Inf Inf Inf Inf 0.0; Inf Inf Inf Inf Inf Inf; Inf Inf Inf Inf Inf Inf; Inf Inf Inf Inf Inf Inf; Inf Inf Inf Inf Inf Inf; Inf Inf Inf Inf Inf Inf], (3, 7))
ERR Zou/6x6_3_2_712 grad: BoundsError([Inf Inf Inf Inf Inf 0.0; Inf Inf Inf Inf Inf Inf; Inf Inf Inf Inf Inf Inf; Inf Inf Inf Inf Inf Inf; Inf Inf Inf Inf Inf Inf; Inf Inf Inf Inf Inf Inf], (3, 7))
ERR Zou/6x6_3_2_714 orig: BoundsError([Inf Inf Inf 0.02 0.01 0.0; Inf Inf Inf 1.03 1.02 Inf; Inf Inf 2.05 1.04 1.03 2.04; Inf Inf 2.0599999999999996 1.05 1.04 2.05; Inf Inf 2.07 1.06 Inf Inf; Inf Inf Inf 1.07 Inf Inf], (3, 7))
ERR Zou/6x6_3_2_727 orig: BoundsError([0.05 0.04 0.03 0.02 0.01 0.0; 1.06 Inf Inf 1.03 1.02 0.01; Inf 1.06 1.05 1.04 1.03 0.02; Inf Inf 2.0599999999999996 1.05 1.04 Inf; Inf Inf Inf Inf 1.05 2.0599999999999996; Inf Inf Inf Inf 1.06 2.07], (5, 7))
ERR Zou/6x6_3_2_729 orig: BoundsError([0.05 0.04 0.03 0.02 0.01 0.0; 1.06 1.05 1.04 1.03 1.02 0.01; 2.07 1.06 1.05 Inf 1.03 0.02; 2.08 1.07 1.06 Inf Inf Inf; 2.09 1.08 1.07 2.08 2.09 2.0999999999999996; 2.0999999999999996 1.09 1.08 2.09 3.0999999999999996 3.1099999999999994], (5, 7))
ERR Zou/6x6_3_2_731 orig: BoundsError([Inf Inf Inf Inf 0.01 0.0; Inf Inf Inf Inf 1.02 0.01; Inf Inf Inf Inf Inf 0.02; Inf Inf Inf Inf Inf Inf; Inf Inf Inf Inf Inf Inf; Inf Inf Inf Inf Inf Inf], (2, 7))
ERR Zou/6x6_3_2_731 grad: BoundsError([Inf Inf Inf Inf 0.01 0.0; Inf Inf Inf Inf 1.02 0.01; Inf Inf Inf Inf Inf 0.02; Inf Inf Inf Inf Inf Inf; Inf Inf Inf Inf Inf Inf; Inf Inf Inf Inf Inf Inf], (2, 7))
ERR Zou/6x6_3_2_733 orig: BoundsError([2.1099999999999994 2.0999999999999996 2.0899999999999994 3.099999999999999 Inf 0.0; 2.0999999999999996 2.09 2.0799999999999996 3.0899999999999994 Inf 0.01; 2.09 2.08 2.07 Inf Inf 0.02; 1.08 1.07 1.06 1.05 1.04 0.03; 1.09 1.08 1.07 1.06 1.05 0.04; 1.1 1.09 1.08 1.07 1.06 0.05], (3, 7))
ERR Zou/6x6_3_2_733 grad: BoundsError([2.1099999999999994 2.0999999999999996 2.0899999999999994 3.099999999999999 Inf 0.0; 2.0999999999999996 2.09 2.0799999999999996 3.0899999999999994 Inf 0.01; 2.09 2.08 2.07 Inf Inf 0.02; 1.08 1.07 1.06 1.05 1.04 0.03; 1.09 1.08 1.07 1.06 1.05 0.04; 1.1 1.09 1.08 1.07 1.06 0.05], (3, 7))
ERR Zou/6x6_3_2_742 orig: BoundsError([Inf Inf Inf Inf 0.01 0.0; Inf Inf Inf Inf 1.02 0.01; Inf Inf Inf Inf Inf 0.02; Inf Inf Inf Inf Inf Inf; Inf Inf Inf Inf Inf Inf; Inf Inf Inf Inf Inf Inf], (2, 7))
ERR Zou/6x6_3_2_742 grad: BoundsError([Inf Inf Inf Inf 0.01 0.0; Inf Inf Inf Inf Inf 0.01; Inf Inf Inf Inf Inf 0.02; Inf Inf Inf Inf Inf Inf; Inf Inf Inf Inf Inf Inf; Inf Inf Inf Inf Inf Inf], (2, 7))
ERR Zou/6x6_3_2_745 orig: BoundsError([Inf Inf Inf Inf Inf 0.0; Inf Inf Inf Inf 1.02 0.01; Inf Inf Inf Inf Inf 0.02; Inf Inf Inf Inf Inf Inf; Inf Inf Inf Inf Inf Inf; Inf Inf Inf Inf Inf Inf], (2, 7))
ERR Zou/6x6_3_2_745 grad: BoundsError([Inf Inf Inf Inf Inf 0.0; Inf Inf Inf Inf Inf Inf; Inf Inf Inf Inf Inf Inf; Inf Inf Inf Inf Inf Inf; Inf Inf Inf Inf Inf Inf; Inf Inf Inf Inf Inf Inf], (5, 7))
ERR Zou/6x6_3_2_746 orig: BoundsError([0.05 0.04 0.03 0.02 0.01 0.0; 1.06 1.05 Inf 1.03 Inf Inf; Inf Inf Inf 1.04 2.05 2.0599999999999996; Inf Inf 2.0599999999999996 1.05 2.0599999999999996 3.0699999999999994; Inf Inf 2.07 1.06 2.07 Inf; Inf Inf 2.08 1.07 2.08 Inf], (3, 7))
ERR Zou/6x6_3_2_746 grad: BoundsError([0.05 0.04 0.03 0.02 0.01 0.0; 1.06 1.05 Inf 1.03 Inf Inf; Inf Inf Inf 1.04 2.05 2.0599999999999996; Inf Inf 2.0599999999999996 1.05 2.0599999999999996 3.0699999999999994; Inf Inf 2.07 1.06 2.07 Inf; Inf Inf 2.08 1.07 2.08 Inf], (3, 7))
Warning: reached iteration limit without completing all items. Check for potential issues.
Warning: reached iteration limit without completing all items. Check for potential issues.
ERR Zou/6x6_3_2_754 orig: BoundsError([0.05 0.04 0.03 0.02 0.01 0.0; 1.06 1.05 1.04 1.03 Inf Inf; 2.07 1.06 1.05 1.04 2.05 3.0699999999999994; 2.08 1.07 1.06 1.05 2.0599999999999996 2.0699999999999994; Inf Inf 1.07 1.06 2.07 Inf; Inf 2.09 1.08 1.07 2.08 Inf], (4, 7))
ERR Zou/6x6_3_2_754 grad: BoundsError([2.129999999999999 2.119999999999999 2.1099999999999994 2.099999999999999 Inf 0.0; 2.119999999999999 2.1099999999999994 2.0999999999999996 2.0899999999999994 Inf 0.01; 2.1099999999999994 2.0999999999999996 2.09 2.0799999999999996 Inf 0.02; 2.0999999999999996 2.09 2.08 2.07 Inf 0.03; 1.09 1.08 1.07 1.06 1.05 0.04; 1.1 1.09 1.08 1.07 1.06 0.05], (5, 7))
ERR Zou/6x6_3_2_755 grad: BoundsError([2.1099999999999994 3.119999999999999 3.129999999999999 Inf 0.01 0.0; 2.0999999999999996 Inf Inf 1.03 1.02 0.01; 2.09 Inf 1.05 1.04 1.03 0.02; 1.08 1.07 1.06 1.05 1.04 0.03; 1.09 1.08 1.07 1.06 1.05 0.04; 1.1 1.09 1.08 1.07 1.06 0.05], (3, 7))
ERR Zou/6x6_3_2_758 orig: BoundsError([0.05 0.04 0.03 0.02 0.01 0.0; 1.06 1.05 1.04 1.03 Inf Inf; Inf 1.06 1.05 1.04 Inf 3.079999999999999; 2.08 1.07 Inf 1.05 2.0599999999999996 2.0699999999999994; 2.09 1.08 Inf 1.06 2.07 2.0799999999999996; 2.0999999999999996 1.09 2.08 1.07 2.08 2.09], (3, 7))
ERR Zou/6x6_3_2_759 grad: BoundsError([2.1099999999999994 3.0599999999999996 2.05 Inf 0.01 0.0; 2.0999999999999996 Inf 1.04 1.03 1.02 0.01; 2.09 Inf 2.05 2.04 Inf 0.02; 1.08 1.07 1.06 1.05 1.04 0.03; 1.09 1.08 1.07 1.06 1.05 0.04; 1.1 1.09 1.08 1.07 1.06 0.05], (4, 7))
ERR Zou/6x6_3_2_764 orig: BoundsError([Inf Inf Inf Inf Inf 0.0; Inf Inf Inf Inf Inf 0.01; Inf Inf Inf Inf Inf 0.02; Inf Inf Inf Inf Inf Inf; Inf Inf Inf Inf Inf Inf; Inf Inf Inf Inf Inf Inf], (2, 7))
ERR Zou/6x6_3_2_764 grad: BoundsError([Inf Inf Inf Inf Inf 0.0; Inf Inf Inf Inf Inf 0.01; Inf Inf Inf Inf Inf 0.02; Inf Inf Inf Inf Inf Inf; Inf Inf Inf Inf Inf Inf; Inf Inf Inf Inf Inf Inf], (2, 7))
ERR Zou/6x6_3_2_765 grad: BoundsError([Inf Inf Inf Inf 0.01 0.0; Inf Inf Inf Inf 1.02 0.01; Inf Inf Inf Inf Inf 0.02; Inf Inf Inf Inf Inf Inf; Inf Inf Inf Inf Inf Inf; Inf Inf Inf Inf Inf Inf], (2, 7))
ERR Zou/6x6_3_2_768 orig: BoundsError([0.05 0.04 0.03 0.02 0.01 0.0; 1.06 1.05 1.04 1.03 1.02 0.01; Inf Inf 1.05 1.04 1.03 0.02; Inf 1.07 1.06 1.05 1.04 0.03; Inf Inf Inf 2.0599999999999996 1.05 Inf; Inf Inf Inf 2.07 1.06 2.07], (6, 7))
ERR Zou/6x6_3_2_769 orig: BoundsError([Inf Inf Inf Inf Inf 0.0; Inf Inf Inf Inf 1.02 0.01; Inf Inf Inf Inf Inf 0.02; Inf Inf Inf Inf Inf Inf; Inf Inf Inf Inf Inf Inf; Inf Inf Inf Inf Inf Inf], (2, 7))
ERR Zou/6x6_3_2_773 orig: BoundsError([0.05 0.04 0.03 0.02 0.01 0.0; 1.06 Inf 1.04 1.03 1.02 Inf; Inf Inf 1.05 1.04 1.03 Inf; Inf 2.07 1.06 1.05 1.04 2.05; Inf 2.08 1.07 1.06 1.05 2.0599999999999996; Inf Inf 1.08 1.07 1.06 2.07], (4, 7))
ERR Zou/6x6_3_2_773 grad: BoundsError([0.05 0.04 0.03 0.02 0.01 0.0; 1.06 Inf 1.04 1.03 1.02 Inf; Inf Inf 1.05 1.04 1.03 Inf; Inf 2.07 1.06 1.05 1.04 2.05; Inf 2.08 1.07 1.06 1.05 2.0599999999999996; Inf Inf 1.08 1.07 1.06 2.07], (4, 7))
ERR Zou/6x6_3_2_777 orig: BoundsError([0.05 0.04 0.03 0.02 0.01 0.0; 1.06 1.05 1.04 1.03 1.02 Inf; 1.07 1.06 1.05 1.04 1.03 2.04; 1.08 1.07 1.06 Inf Inf 3.05; 1.09 1.08 1.07 2.08 Inf 3.0599999999999996; 1.1 1.09 1.08 2.09 2.0999999999999996 2.1099999999999994], (4, 7))
ERR Zou/6x6_3_2_777 grad: BoundsError([0.05 0.04 0.03 0.02 0.01 0.0; 1.06 1.05 1.04 1.03 1.02 Inf; 1.07 1.06 1.05 1.04 1.03 2.04; 1.08 1.07 1.06 Inf Inf 3.05; 1.09 1.08 1.07 2.08 Inf 3.0599999999999996; 1.1 1.09 1.08 2.09 2.0999999999999996 2.1099999999999994], (4, 7))
ERR Zou/6x6_3_2_784 orig: BoundsError([0.05 0.04 0.03 0.02 0.01 0.0; Inf 1.05 1.04 1.03 1.02 0.01; Inf 2.0599999999999996 1.05 1.04 Inf Inf; Inf 2.07 1.06 1.05 2.0599999999999996 3.0799999999999996; Inf Inf 1.07 1.06 2.07 2.0799999999999996; Inf Inf 1.08 1.07 2.08 3.0899999999999994], (5, 7))
ERR Zou/6x6_3_2_789 grad: BoundsError([Inf Inf Inf Inf 0.01 0.0; Inf Inf Inf Inf 1.02 0.01; Inf Inf Inf Inf Inf 0.02; Inf Inf Inf Inf Inf Inf; Inf Inf Inf Inf Inf Inf; Inf Inf Inf Inf Inf Inf], (2, 7))
  [2800/3000]
ERR Zou/6x6_3_2_802 orig: BoundsError([0.05 0.04 0.03 0.02 0.01 0.0; 1.06 1.05 1.04 1.03 1.02 Inf; Inf Inf 2.05 1.04 1.03 Inf; Inf Inf 2.0599999999999996 1.05 1.04 Inf; Inf Inf 2.07 1.06 Inf Inf; Inf Inf 2.08 1.07 2.08 2.09], (6, 7))
ERR Zou/6x6_3_2_802 grad: BoundsError([0.05 0.04 0.03 0.02 0.01 0.0; 1.06 1.05 1.04 1.03 1.02 0.01; 1.07 1.06 1.05 1.04 1.03 Inf; 1.08 1.07 1.06 1.05 1.04 Inf; 1.09 1.08 1.07 1.06 Inf Inf; 1.1 1.09 1.08 Inf Inf Inf], (5, 7))
ERR Zou/6x6_3_2_806 grad: BoundsError([Inf Inf Inf Inf 0.01 0.0; Inf Inf Inf Inf 1.02 0.01; Inf Inf Inf Inf Inf 0.02; Inf Inf Inf Inf Inf Inf; Inf Inf Inf Inf Inf Inf; Inf Inf Inf Inf Inf Inf], (2, 7))
ERR Zou/6x6_3_2_811 orig: BoundsError([0.05 0.04 0.03 0.02 0.01 0.0; 1.06 1.05 1.04 1.03 1.02 0.01; Inf Inf 2.05 1.04 Inf Inf; Inf Inf 2.0599999999999996 1.05 Inf Inf; Inf Inf 2.07 1.06 Inf Inf; Inf Inf 2.08 1.07 2.08 2.09], (6, 7))
ERR Zou/6x6_3_2_811 grad: BoundsError([0.05 0.04 0.03 0.02 0.01 0.0; 1.06 1.05 1.04 1.03 1.02 0.01; 1.07 1.06 1.05 1.04 1.03 0.02; 1.08 1.07 1.06 1.05 Inf Inf; 1.09 1.08 1.07 Inf Inf Inf; 1.1 1.09 1.08 Inf Inf Inf], (5, 7))
ERR Zou/6x6_3_2_825 orig: BoundsError([0.05 0.04 0.03 0.02 0.01 0.0; 1.06 1.05 1.04 1.03 Inf Inf; 2.07 1.06 1.05 Inf Inf 3.0999999999999996; 2.08 1.07 1.06 Inf Inf 3.0999999999999996; 2.09 1.08 1.07 2.08 2.09 2.0999999999999996; 2.0999999999999996 1.09 1.08 2.09 3.0999999999999996 3.1099999999999994], (5, 7))
ERR Zou/6x6_3_2_833 orig: BoundsError([Inf Inf Inf Inf 0.01 0.0; Inf Inf Inf Inf 1.02 0.01; Inf Inf Inf Inf Inf 0.02; Inf Inf Inf Inf Inf Inf; Inf Inf Inf Inf Inf Inf; Inf Inf Inf Inf Inf Inf], (2, 7))
ERR Zou/6x6_3_2_833 grad: BoundsError([Inf Inf Inf Inf 0.01 0.0; Inf Inf Inf Inf 1.02 0.01; Inf Inf Inf Inf Inf 0.02; Inf Inf Inf Inf Inf Inf; Inf Inf Inf Inf Inf Inf; Inf Inf Inf Inf Inf Inf], (2, 7))
ERR Zou/6x6_3_2_834 orig: BoundsError([0.05 0.04 0.03 0.02 0.01 0.0; 1.06 Inf 1.04 1.03 1.02 Inf; Inf Inf 2.05 1.04 1.03 2.04; Inf Inf 2.0599999999999996 1.05 1.04 Inf; Inf Inf 2.07 1.06 1.05 2.0599999999999996; Inf Inf 2.08 1.07 1.06 2.07], (5, 7))
ERR Zou/6x6_3_2_836 orig: BoundsError([0.05 0.04 0.03 0.02 0.01 0.0; 1.06 1.05 1.04 1.03 1.02 0.01; 1.07 1.06 1.05 1.04 Inf Inf; 1.08 1.07 Inf Inf Inf Inf; 1.09 Inf Inf Inf Inf Inf; 1.1 Inf Inf Inf Inf Inf], (5, 7))
ERR Zou/6x6_3_2_836 grad: BoundsError([0.05 0.04 0.03 0.02 0.01 0.0; 1.06 1.05 1.04 1.03 1.02 0.01; 1.07 1.06 1.05 1.04 Inf Inf; 1.08 1.07 Inf Inf Inf Inf; 1.09 Inf Inf Inf Inf Inf; 1.1 Inf Inf Inf Inf Inf], (5, 7))
ERR Zou/6x6_3_2_839 grad: BoundsError([3.0699999999999994 2.0599999999999996 Inf Inf 0.01 0.0; Inf 1.05 1.04 1.03 1.02 0.01; 1.07 1.06 1.05 1.04 1.03 0.02; 1.08 1.07 1.06 1.05 1.04 0.03; 1.09 1.08 1.07 1.06 1.05 0.04; 1.1 1.09 1.08 1.07 1.06 0.05], (3, 7))
ERR Zou/6x6_3_2_841 orig: BoundsError([0.05 0.04 0.03 0.02 0.01 0.0; 1.06 1.05 1.04 1.03 1.02 0.01; 1.07 1.06 1.05 1.04 Inf 0.02; 1.08 Inf 1.06 1.05 Inf Inf; 1.09 Inf 1.07 1.06 Inf 3.09; 1.1 2.09 1.08 1.07 2.08 2.09], (6, 7))
ERR Zou/6x6_3_2_846 orig: BoundsError([0.05 0.04 0.03 0.02 0.01 0.0; 1.06 1.05 1.04 1.03 1.02 0.01; 1.07 1.06 1.05 1.04 1.03 0.02; 1.08 1.07 1.06 Inf Inf Inf; 1.09 1.08 1.07 Inf Inf 3.119999999999999; 1.1 1.09 1.08 2.09 2.0999999999999996 2.1099999999999994], (5, 7))
ERR Zou/6x6_3_2_846 grad: BoundsError([0.05 0.04 0.03 0.02 0.01 0.0; 1.06 1.05 1.04 1.03 1.02 0.01; 1.07 1.06 1.05 1.04 1.03 0.02; 1.08 1.07 1.06 1.05 Inf Inf; 1.09 1.08 1.07 Inf Inf Inf; 1.1 1.09 1.08 2.09 Inf Inf], (6, 7))
ERR Zou/6x6_3_2_851 orig: BoundsError([Inf Inf Inf Inf 0.01 0.0; Inf Inf Inf Inf 1.02 0.01; Inf Inf Inf Inf Inf 0.02; Inf Inf Inf Inf Inf Inf; Inf Inf Inf Inf Inf Inf; Inf Inf Inf Inf Inf Inf], (2, 7))
ERR Zou/6x6_3_2_851 grad: BoundsError([Inf Inf Inf Inf 0.01 0.0; Inf Inf Inf Inf 1.02 0.01; Inf Inf Inf Inf Inf 0.02; Inf Inf Inf Inf Inf Inf; Inf Inf Inf Inf Inf Inf; Inf Inf Inf Inf Inf Inf], (2, 7))
ERR Zou/6x6_3_2_857 orig: BoundsError([2.1099999999999994 3.119999999999999 3.129999999999999 Inf 0.01 0.0; 2.0999999999999996 Inf Inf 1.03 1.02 0.01; 2.09 2.08 2.07 Inf Inf 0.02; 1.08 1.07 1.06 1.05 1.04 0.03; 1.09 1.08 1.07 1.06 1.05 0.04; 1.1 1.09 1.08 1.07 1.06 0.05], (3, 7))
ERR Zou/6x6_3_2_859 orig: BoundsError([0.05 0.04 0.03 0.02 0.01 0.0; 1.06 Inf 1.04 1.03 1.02 Inf; Inf Inf 1.05 Inf 1.03 2.04; Inf 2.07 1.06 Inf 1.04 2.05; Inf Inf 1.07 Inf 1.05 2.0599999999999996; Inf Inf Inf 2.07 1.06 2.07], (3, 7))
ERR Zou/6x6_3_2_859 grad: BoundsError([Inf Inf Inf Inf 0.01 0.0; Inf Inf Inf Inf 1.02 0.01; Inf Inf Inf Inf Inf 0.02; Inf Inf Inf Inf Inf Inf; Inf Inf Inf Inf Inf Inf; Inf Inf Inf Inf Inf Inf], (2, 7))
ERR Zou/6x6_3_2_864 orig: BoundsError([0.05 0.04 0.03 0.02 0.01 0.0; 1.06 1.05 Inf 1.03 1.02 0.01; 1.07 1.06 Inf 1.04 1.03 0.02; 1.08 Inf Inf 1.05 1.04 0.03; 1.09 1.08 1.07 1.06 1.05 0.04; 1.1 1.09 1.08 1.07 1.06 0.05], (6, 7))
ERR Zou/6x6_3_2_864 grad: BoundsError([0.05 0.04 0.03 0.02 0.01 0.0; 1.06 1.05 Inf 1.03 1.02 0.01; 1.07 1.06 Inf 1.04 1.03 0.02; 1.08 Inf Inf 1.05 1.04 0.03; 1.09 1.08 1.07 1.06 1.05 0.04; 1.1 1.09 1.08 1.07 1.06 0.05], (6, 7))
ERR Zou/6x6_3_2_865 orig: BoundsError([Inf Inf Inf Inf 0.01 0.0; Inf Inf Inf Inf 1.02 0.01; Inf Inf Inf Inf Inf 0.02; Inf Inf Inf Inf Inf Inf; Inf Inf Inf Inf Inf Inf; Inf Inf Inf Inf Inf Inf], (2, 7))
ERR Zou/6x6_3_2_865 grad: BoundsError([Inf Inf Inf Inf 0.01 0.0; Inf Inf Inf Inf 1.02 0.01; Inf Inf Inf Inf Inf 0.02; Inf Inf Inf Inf Inf Inf; Inf Inf Inf Inf Inf Inf; Inf Inf Inf Inf Inf Inf], (2, 7))
ERR Zou/6x6_3_2_871 orig: BoundsError([0.05 0.04 0.03 0.02 0.01 0.0; 1.06 1.05 1.04 1.03 Inf Inf; Inf 2.0599999999999996 1.05 1.04 Inf 3.0799999999999996; Inf 2.07 1.06 1.05 2.0599999999999996 3.0799999999999996; Inf 2.08 1.07 1.06 2.07 2.0799999999999996; Inf 2.09 1.08 1.07 2.08 3.0899999999999994], (5, 7))
ERR Zou/6x6_3_2_873 orig: BoundsError([Inf Inf Inf 0.02 0.01 0.0; Inf Inf 1.04 1.03 1.02 0.01; Inf 1.06 1.05 1.04 1.03 0.02; Inf Inf 2.0599999999999996 Inf 1.04 Inf; Inf Inf Inf 2.0599999999999996 1.05 2.0599999999999996; Inf Inf Inf 2.07 1.06 2.07], (5, 7))
ERR Zou/6x6_3_2_874 orig: BoundsError([Inf Inf Inf Inf Inf 0.0; Inf Inf Inf Inf 1.02 0.01; Inf Inf Inf Inf Inf 0.02; Inf Inf Inf Inf Inf Inf; Inf Inf Inf Inf Inf Inf; Inf Inf Inf Inf Inf Inf], (2, 7))
ERR Zou/6x6_3_2_874 grad: BoundsError([Inf Inf Inf Inf 0.01 0.0; Inf Inf Inf Inf 1.02 0.01; Inf Inf Inf Inf Inf 0.02; Inf Inf Inf Inf Inf Inf; Inf Inf Inf Inf Inf Inf; Inf Inf Inf Inf Inf Inf], (2, 7))
ERR Zou/6x6_3_2_892 orig: BoundsError([0.05 0.04 0.03 0.02 0.01 0.0; 1.06 1.05 1.04 Inf 1.02 Inf; Inf 2.0599999999999996 1.05 2.04 1.03 2.04; Inf 2.07 1.06 2.07 Inf Inf; Inf 2.08 1.07 2.08 3.1099999999999994 Inf; Inf 2.09 1.08 2.09 2.0999999999999996 2.1099999999999994], (6, 7))
ERR Zou/6x6_3_2_892 grad: BoundsError([Inf Inf Inf Inf 0.01 0.0; Inf Inf Inf Inf 1.02 0.01; Inf Inf Inf Inf Inf 0.02; Inf Inf Inf Inf Inf Inf; Inf Inf Inf Inf Inf Inf; Inf Inf Inf Inf Inf Inf], (2, 7))
ERR Zou/6x6_3_2_895 orig: BoundsError([0.05 0.04 0.03 0.02 0.01 0.0; 1.06 Inf 1.04 1.03 1.02 0.01; Inf Inf Inf 1.04 1.03 0.02; Inf Inf Inf 1.05 1.04 Inf; Inf Inf 2.07 1.06 1.05 2.0599999999999996; Inf Inf 2.08 1.07 1.06 2.07], (5, 7))
ERR Zou/6x6_3_2_897 orig: BoundsError([Inf Inf Inf Inf Inf 0.0; Inf Inf Inf Inf Inf 0.01; Inf Inf Inf Inf Inf 0.02; Inf Inf Inf Inf Inf Inf; Inf Inf Inf Inf Inf Inf; Inf Inf Inf Inf Inf Inf], (2, 7))
ERR Zou/6x6_3_2_901 orig: BoundsError([Inf Inf Inf Inf Inf 0.0; Inf Inf Inf Inf Inf Inf; Inf Inf Inf Inf Inf Inf; Inf Inf Inf Inf Inf Inf; Inf Inf Inf Inf Inf Inf; Inf Inf Inf Inf Inf Inf], (4, 7))
ERR Zou/6x6_3_2_901 grad: BoundsError([Inf Inf Inf Inf Inf 0.0; Inf Inf Inf Inf Inf Inf; Inf Inf Inf Inf Inf Inf; Inf Inf Inf Inf Inf Inf; Inf Inf Inf Inf Inf Inf; Inf Inf Inf Inf Inf Inf], (4, 7))
ERR Zou/6x6_3_2_902 orig: BoundsError([0.05 0.04 0.03 0.02 0.01 0.0; 1.06 1.05 Inf Inf Inf 0.01; 1.07 1.06 2.07 2.0799999999999996 2.0899999999999994 Inf; 1.08 1.07 2.08 2.09 2.0999999999999996 2.1099999999999994; 1.09 Inf 3.09 3.0999999999999996 3.109999999999999 3.119999999999999; 1.1 Inf Inf Inf Inf 3.129999999999999], (4, 7))
ERR Zou/6x6_3_2_902 grad: BoundsError([2.1099999999999994 3.119999999999999 3.129999999999999 Inf 0.01 0.0; 2.0999999999999996 Inf Inf 1.03 1.02 0.01; 2.09 Inf 1.05 1.04 1.03 0.02; 1.08 1.07 1.06 1.05 1.04 0.03; 1.09 1.08 1.07 1.06 1.05 0.04; 1.1 1.09 1.08 1.07 1.06 0.05], (3, 7))
ERR Zou/6x6_3_2_905 orig: BoundsError([Inf Inf Inf Inf 0.01 0.0; Inf Inf Inf Inf 1.02 0.01; Inf Inf Inf Inf Inf 0.02; Inf Inf Inf Inf Inf Inf; Inf Inf Inf Inf Inf Inf; Inf Inf Inf Inf Inf Inf], (2, 7))
ERR Zou/6x6_3_2_905 grad: BoundsError([0.05 0.04 0.03 0.02 0.01 0.0; 1.06 1.05 1.04 1.03 Inf Inf; 1.07 1.06 1.05 1.04 2.05 Inf; 1.08 1.07 1.06 1.05 Inf Inf; 1.09 1.08 1.07 1.06 Inf Inf; 1.1 1.09 1.08 1.07 Inf Inf], (5, 7))
ERR Zou/6x6_3_2_907 orig: BoundsError([0.05 0.04 0.03 0.02 0.01 0.0; Inf 1.05 1.04 1.03 1.02 0.01; Inf 1.06 1.05 1.04 1.03 0.02; Inf Inf 2.0599999999999996 1.05 Inf Inf; Inf Inf Inf 1.06 2.07 Inf; Inf Inf 2.08 1.07 2.08 2.09], (6, 7))
Warning: reached iteration limit without completing all items. Check for potential issues.
Warning: reached iteration limit without completing all items. Check for potential issues.
ERR Zou/6x6_3_2_921 orig: BoundsError([Inf Inf Inf Inf 0.01 0.0; Inf Inf Inf Inf Inf Inf; Inf Inf Inf Inf Inf Inf; Inf Inf Inf Inf Inf Inf; Inf Inf Inf Inf Inf Inf; Inf Inf Inf Inf Inf Inf], (4, 7))
ERR Zou/6x6_3_2_930 orig: BoundsError([0.05 0.04 0.03 0.02 0.01 0.0; 1.06 1.05 Inf Inf 1.02 Inf; 1.07 1.06 2.07 Inf Inf 3.119999999999999; 1.08 1.07 2.08 2.09 2.0999999999999996 2.1099999999999994; 1.09 1.08 2.09 2.0999999999999996 2.1099999999999994 2.119999999999999; 1.1 1.09 2.0999999999999996 3.1099999999999994 3.119999999999999 3.129999999999999], (3, 7))
ERR Zou/6x6_3_2_930 grad: BoundsError([Inf Inf Inf Inf 0.01 0.0; Inf Inf Inf Inf Inf Inf; Inf Inf Inf Inf Inf Inf; Inf Inf Inf Inf Inf Inf; Inf Inf Inf Inf Inf Inf; Inf Inf Inf Inf Inf Inf], (4, 7))
ERR Zou/6x6_3_2_933 grad: BoundsError([Inf Inf Inf Inf 0.01 0.0; Inf Inf Inf Inf 1.02 0.01; Inf Inf Inf Inf Inf 0.02; Inf Inf Inf Inf Inf Inf; Inf Inf Inf Inf Inf Inf; Inf Inf Inf Inf Inf Inf], (2, 7))
ERR Zou/6x6_3_2_936 orig: BoundsError([0.05 0.04 0.03 0.02 0.01 0.0; 1.06 1.05 1.04 1.03 1.02 0.01; Inf Inf 1.05 1.04 Inf Inf; Inf 2.07 1.06 1.05 2.0599999999999996 3.0799999999999996; Inf 2.08 1.07 1.06 2.07 2.0799999999999996; Inf 2.09 1.08 1.07 2.08 3.0899999999999994], (5, 7))
ERR Zou/6x6_3_2_944 orig: BoundsError([0.05 0.04 0.03 0.02 0.01 0.0; 1.06 1.05 1.04 1.03 Inf 0.01; 1.07 1.06 1.05 1.04 1.03 0.02; 1.08 1.07 1.06 1.05 Inf Inf; 1.09 1.08 1.07 1.06 Inf Inf; 1.1 1.09 1.08 Inf Inf Inf], (6, 7))
ERR Zou/6x6_3_2_944 grad: BoundsError([0.05 0.04 0.03 0.02 0.01 0.0; 1.06 1.05 1.04 1.03 Inf 0.01; 1.07 1.06 1.05 1.04 1.03 0.02; 1.08 1.07 1.06 1.05 Inf Inf; 1.09 1.08 1.07 1.06 Inf Inf; 1.1 1.09 1.08 Inf Inf Inf], (6, 7))
ERR Zou/6x6_3_2_947 orig: BoundsError([0.05 0.04 0.03 0.02 0.01 0.0; 1.06 1.05 1.04 1.03 1.02 0.01; 1.07 1.06 1.05 Inf Inf Inf; 1.08 1.07 Inf Inf 3.119999999999999 3.119999999999999; 1.09 1.08 2.09 2.0999999999999996 2.1099999999999994 2.119999999999999; 1.1 1.09 2.0999999999999996 3.1099999999999994 3.119999999999999 3.129999999999999], (5, 7))
ERR Zou/6x6_3_2_956 orig: BoundsError([0.05 0.04 0.03 0.02 0.01 0.0; 1.06 1.05 1.04 1.03 1.02 Inf; 2.07 1.06 1.05 Inf Inf Inf; 2.08 1.07 1.06 Inf Inf 3.0999999999999996; 2.09 1.08 1.07 2.08 2.09 2.0999999999999996; 2.0999999999999996 1.09 1.08 2.09 3.0999999999999996 3.1099999999999994], (5, 7))
ERR Zou/6x6_3_2_957 orig: BoundsError([0.05 0.04 0.03 0.02 0.01 0.0; 1.06 1.05 Inf Inf Inf 0.01; 1.07 1.06 2.07 2.0799999999999996 Inf Inf; 1.08 1.07 2.08 2.09 2.0999999999999996 2.1099999999999994; 1.09 1.08 2.09 2.0999999999999996 2.1099999999999994 2.119999999999999; 1.1 1.09 2.0999999999999996 2.1099999999999994 2.119999999999999 2.129999999999999], (4, 7))
ERR Zou/6x6_3_2_960 orig: BoundsError([Inf Inf Inf Inf 0.01 0.0; Inf Inf Inf Inf 1.02 0.01; Inf Inf Inf Inf Inf 0.02; Inf Inf Inf Inf Inf Inf; Inf Inf Inf Inf Inf Inf; Inf Inf Inf Inf Inf Inf], (2, 7))
ERR Zou/6x6_3_2_961 orig: BoundsError([Inf Inf Inf Inf 0.01 0.0; Inf Inf Inf Inf 1.02 0.01; Inf Inf Inf Inf Inf 0.02; Inf Inf Inf Inf Inf Inf; Inf Inf Inf Inf Inf Inf; Inf Inf Inf Inf Inf Inf], (2, 7))
ERR Zou/6x6_3_2_961 grad: BoundsError([0.05 0.04 0.03 0.02 0.01 0.0; 1.06 1.05 1.04 1.03 Inf Inf; 1.07 1.06 1.05 1.04 2.05 Inf; 1.08 1.07 1.06 1.05 Inf Inf; 1.09 1.08 1.07 1.06 Inf Inf; 1.1 1.09 1.08 1.07 Inf Inf], (6, 7))
ERR Zou/6x6_3_2_972 grad: BoundsError([Inf Inf Inf Inf 0.01 0.0; Inf Inf Inf Inf 1.02 0.01; Inf Inf Inf Inf Inf 0.02; Inf Inf Inf Inf Inf Inf; Inf Inf Inf Inf Inf Inf; Inf Inf Inf Inf Inf Inf], (2, 7))
ERR Zou/6x6_3_2_975 orig: BoundsError([Inf Inf Inf Inf 0.01 0.0; Inf Inf Inf Inf 1.02 0.01; Inf Inf Inf Inf Inf 0.02; Inf Inf Inf Inf Inf Inf; Inf Inf Inf Inf Inf Inf; Inf Inf Inf Inf Inf Inf], (2, 7))
ERR Zou/6x6_3_2_975 grad: BoundsError([Inf Inf Inf Inf 0.01 0.0; Inf Inf Inf Inf 1.02 0.01; Inf Inf Inf Inf Inf 0.02; Inf Inf Inf Inf Inf Inf; Inf Inf Inf Inf Inf Inf; Inf Inf Inf Inf Inf Inf], (2, 7))
ERR Zou/6x6_3_2_976 orig: BoundsError([Inf Inf Inf Inf 0.01 0.0; Inf Inf Inf Inf Inf 0.01; Inf Inf Inf Inf Inf Inf; Inf Inf Inf Inf Inf Inf; Inf Inf Inf Inf Inf Inf; Inf Inf Inf Inf Inf Inf], (6, 7))
ERR Zou/6x6_3_2_976 grad: BoundsError([Inf Inf Inf Inf 0.01 0.0; Inf Inf Inf Inf Inf 0.01; Inf Inf Inf Inf Inf Inf; Inf Inf Inf Inf Inf Inf; Inf Inf Inf Inf Inf Inf; Inf Inf Inf Inf Inf Inf], (6, 7))
ERR Zou/6x6_3_2_980 orig: BoundsError([0.05 0.04 0.03 0.02 0.01 0.0; 1.06 1.05 Inf Inf 1.02 Inf; Inf Inf Inf Inf Inf Inf; Inf Inf Inf Inf Inf Inf; Inf Inf Inf Inf Inf Inf; Inf Inf Inf Inf Inf Inf], (3, 7))
ERR Zou/6x6_3_2_980 grad: BoundsError([0.05 0.04 0.03 0.02 0.01 0.0; 1.06 1.05 Inf Inf 1.02 Inf; Inf Inf Inf Inf Inf Inf; Inf Inf Inf Inf Inf Inf; Inf Inf Inf Inf Inf Inf; Inf Inf Inf Inf Inf Inf], (3, 7))
ERR Zou/6x6_3_2_987 grad: BoundsError([Inf Inf Inf Inf 0.01 0.0; Inf Inf Inf Inf 1.02 0.01; Inf Inf Inf Inf Inf 0.02; Inf Inf Inf Inf Inf Inf; Inf Inf Inf Inf Inf Inf; Inf Inf Inf Inf Inf Inf], (2, 7))
ERR Zou/6x6_3_2_989 orig: BoundsError([0.05 0.04 0.03 0.02 0.01 0.0; 1.06 1.05 1.04 1.03 1.02 Inf; 1.07 1.06 1.05 1.04 Inf Inf; 1.08 1.07 1.06 Inf 4.139999999999999 3.129999999999999; 1.09 1.08 1.07 Inf Inf 3.119999999999999; 1.1 1.09 1.08 2.09 2.0999999999999996 2.1099999999999994], (4, 7))
  [3000/3000]

wrote C:\codestuff\PBS\ab_zou_gated_results.csv

========== PER SET ==========
── Zou  (n=3000)
   converged:  orig=2349   grad=2493   (only orig: 49, only grad: 193)
   both-conv (2300): moves orig=97886 grad=99061 RL=72723 | makespan orig=58105 grad=58958
      moves h2h  grad</=/> orig: 512/1014/774
   CPU: orig=32.1s grad=28.0s

========== ("Yalcin", "Zou") BY (#IO,#ESC) ==========
── Zou  nesc=1  (n=1000)
   converged:  orig=640   grad=640   (only orig: 0, only grad: 0)
   both-conv (640): moves orig=21959 grad=21959 RL=22816 | makespan orig=21959 grad=21959
      moves h2h  grad</=/> orig: 0/640/0
   CPU: orig=27.4s grad=23.2s
── Zou  nesc=2  (n=1000)
   converged:  orig=870   grad=976   (only orig: 5, only grad: 111)
   both-conv (865): moves orig=36761 grad=37105 RL=26951 | makespan orig=20992 grad=21743
      moves h2h  grad</=/> orig: 278/210/377
   CPU: orig=2.7s grad=2.2s
── Zou  nesc=3  (n=1000)
   converged:  orig=839   grad=877   (only orig: 44, only grad: 82)
   both-conv (795): moves orig=39166 grad=39997 RL=22956 | makespan orig=15154 grad=15256
      moves h2h  grad</=/> orig: 234/164/397
   CPU: orig=2.0s grad=2.5s

========== OVERALL ==========
── ALL  (n=3000)
   converged:  orig=2349   grad=2493   (only orig: 49, only grad: 193)
   both-conv (2300): moves orig=97886 grad=99061 RL=72723 | makespan orig=58105 grad=58958
      moves h2h  grad</=/> orig: 512/1014/774
   CPU: orig=32.1s grad=28.0s
